filename,country
japanese_textiles/image_0000.png,japan
japanese_textiles/image_0001.png,japan
japanese_textiles/image_0002.png,japan
japanese_textiles/image_0003.png,japan
japanese_textiles/image_0004.png,japan
japanese_textiles/image_0005.png,japan
japanese_textiles/image_0006.png,japan
japanese_textiles/image_0007.png,japan
japanese_textiles/image_0008.png,japan
japanese_textiles/image_0009.png,japan
japanese_textiles/image_0010.png,japan
japanese_textiles/image_0011.png,japan
japanese_textiles/image_0012.png,japan
japanese_textiles/image_0013.png,japan
japanese_textiles/image_0014.png,japan
japanese_textiles/image_0015.png,japan
japanese_textiles/image_0016.png,japan
japanese_textiles/image_0017.png,japan
japanese_textiles/image_0018.png,japan
japanese_textiles/image_0019.png,japan
japanese_textiles/image_0020.png,japan
japanese_textiles/image_0021.png,japan
japanese_textiles/image_0022.png,japan
japanese_textiles/image_0023.png,japan
japanese_textiles/image_0024.png,japan
japanese_textiles/image_0025.png,japan
japanese_textiles/image_0026.png,japan
japanese_textiles/image_0027.png,japan
japanese_textiles/image_0028.png,japan
japanese_textiles/image_0029.png,japan
japanese_textiles/image_0030.png,japan
japanese_textiles/image_0031.png,japan
japanese_textiles/image_0032.png,japan
japanese_textiles/image_0033.png,japan
japanese_textiles/image_0034.png,japan
japanese_textiles/image_0035.png,japan
japanese_textiles/image_0036.png,japan
japanese_textiles/image_0037.png,japan
japanese_textiles/image_0038.png,japan
japanese_textiles/image_0039.png,japan
japanese_textiles/image_0040.png,japan
japanese_textiles/image_0041.png,japan
japanese_textiles/image_0042.png,japan
japanese_textiles/image_0043.png,japan
japanese_textiles/image_0044.png,japan
japanese_textiles/image_0045.png,japan
japanese_textiles/image_0046.png,japan
japanese_textiles/image_0047.png,japan
japanese_textiles/image_0048.png,japan
japanese_textiles/image_0049.png,japan
japanese_textiles/image_0050.png,japan
japanese_textiles/image_0051.png,japan
japanese_textiles/image_0052.png,japan
japanese_textiles/image_0053.png,japan
japanese_textiles/image_0054.png,japan
japanese_textiles/image_0055.png,japan
japanese_textiles/image_0056.png,japan
japanese_textiles/image_0057.png,japan
japanese_textiles/image_0058.png,japan
japanese_textiles/image_0059.png,japan
japanese_textiles/image_0060.png,japan
japanese_textiles/image_0061.png,japan
japanese_textiles/image_0062.png,japan
japanese_textiles/image_0063.png,japan
japanese_textiles/image_0064.png,japan
japanese_textiles/image_0065.png,japan
japanese_textiles/image_0066.png,japan
japanese_textiles/image_0067.png,japan
japanese_textiles/image_0068.png,japan
japanese_textiles/image_0069.png,japan
japanese_textiles/image_0070.png,japan
japanese_textiles/image_0071.png,japan
japanese_textiles/image_0072.png,japan
japanese_textiles/image_0073.png,japan
japanese_textiles/image_0074.png,japan
japanese_textiles/image_0075.png,japan
japanese_textiles/image_0076.png,japan
japanese_textiles/image_0077.png,japan
japanese_textiles/image_0078.png,japan
japanese_textiles/image_0079.png,japan
japanese_textiles/image_0080.png,japan
japanese_textiles/image_0081.png,japan
japanese_textiles/image_0082.png,japan
japanese_textiles/image_0083.png,japan
japanese_textiles/image_0084.png,japan
japanese_textiles/image_0085.png,japan
japanese_textiles/image_0086.png,japan
japanese_textiles/image_0087.png,japan
japanese_textiles/image_0088.png,japan
japanese_textiles/image_0089.png,japan
japanese_textiles/image_0090.png,japan
japanese_textiles/image_0091.png,japan
japanese_textiles/image_0092.png,japan
japanese_textiles/image_0093.png,japan
japanese_textiles/image_0094.png,japan
japanese_textiles/image_0095.png,japan
japanese_textiles/image_0096.png,japan
japanese_textiles/image_0097.png,japan
japanese_textiles/image_0098.png,japan
japanese_textiles/image_0099.png,japan
japanese_textiles/image_0100.png,japan
japanese_textiles/image_0101.png,japan
japanese_textiles/image_0102.png,japan
japanese_textiles/image_0103.png,japan
japanese_textiles/image_0104.png,japan
japanese_textiles/image_0105.png,japan
japanese_textiles/image_0106.png,japan
japanese_textiles/image_0107.png,japan
japanese_textiles/image_0108.png,japan
japanese_textiles/image_0109.png,japan
japanese_textiles/image_0110.png,japan
japanese_textiles/image_0111.png,japan
japanese_textiles/image_0112.png,japan
japanese_textiles/image_0113.png,japan
japanese_textiles/image_0114.png,japan
japanese_textiles/image_0115.png,japan
japanese_textiles/image_0116.png,japan
japanese_textiles/image_0117.png,japan
japanese_textiles/image_0118.png,japan
japanese_textiles/image_0119.png,japan
japanese_textiles/image_0120.png,japan
japanese_textiles/image_0121.png,japan
japanese_textiles/image_0122.png,japan
japanese_textiles/image_0123.png,japan
japanese_textiles/image_0124.png,japan
japanese_textiles/image_0125.png,japan
japanese_textiles/image_0126.png,japan
japanese_textiles/image_0127.png,japan
japanese_textiles/image_0128.png,japan
japanese_textiles/image_0129.png,japan
japanese_textiles/image_0130.png,japan
japanese_textiles/image_0131.png,japan
japanese_textiles/image_0132.png,japan
japanese_textiles/image_0133.png,japan
japanese_textiles/image_0134.png,japan
japanese_textiles/image_0135.png,japan
japanese_textiles/image_0136.png,japan
japanese_textiles/image_0137.png,japan
japanese_textiles/image_0138.png,japan
japanese_textiles/image_0139.png,japan
japanese_textiles/image_0140.png,japan
japanese_textiles/image_0141.png,japan
japanese_textiles/image_0142.png,japan
japanese_textiles/image_0143.png,japan
japanese_textiles/image_0144.png,japan
japanese_textiles/image_0145.png,japan
japanese_textiles/image_0146.png,japan
japanese_textiles/image_0147.png,japan
japanese_textiles/image_0148.png,japan
japanese_textiles/image_0149.png,japan
japanese_textiles/image_0150.png,japan
japanese_textiles/image_0151.png,japan
japanese_textiles/image_0152.png,japan
japanese_textiles/image_0153.png,japan
japanese_textiles/image_0154.png,japan
japanese_textiles/image_0155.png,japan
japanese_textiles/image_0156.png,japan
japanese_textiles/image_0157.png,japan
japanese_textiles/image_0158.png,japan
japanese_textiles/image_0159.png,japan
japanese_textiles/image_0160.png,japan
japanese_textiles/image_0161.png,japan
japanese_textiles/image_0162.png,japan
japanese_textiles/image_0163.png,japan
japanese_textiles/image_0164.png,japan
japanese_textiles/image_0165.png,japan
japanese_textiles/image_0166.png,japan
japanese_textiles/image_0167.png,japan
japanese_textiles/image_0168.png,japan
japanese_textiles/image_0169.png,japan
japanese_textiles/image_0170.png,japan
japanese_textiles/image_0171.png,japan
japanese_textiles/image_0172.png,japan
japanese_textiles/image_0173.png,japan
japanese_textiles/image_0174.png,japan
japanese_textiles/image_0175.png,japan
japanese_textiles/image_0176.png,japan
japanese_textiles/image_0177.png,japan
japanese_textiles/image_0178.png,japan
japanese_textiles/image_0179.png,japan
japanese_textiles/image_0180.png,japan
japanese_textiles/image_0181.png,japan
japanese_textiles/image_0182.png,japan
japanese_textiles/image_0183.png,japan
japanese_textiles/image_0184.png,japan
japanese_textiles/image_0185.png,japan
japanese_textiles/image_0186.png,japan
japanese_textiles/image_0187.png,japan
japanese_textiles/image_0188.png,japan
japanese_textiles/image_0189.png,japan
japanese_textiles/image_0190.png,japan
japanese_textiles/image_0191.png,japan
japanese_textiles/image_0192.png,japan
japanese_textiles/image_0193.png,japan
japanese_textiles/image_0194.png,japan
japanese_textiles/image_0195.png,japan
japanese_textiles/image_0196.png,japan
japanese_textiles/image_0197.png,japan
japanese_textiles/image_0198.png,japan
japanese_textiles/image_0199.png,japan
japanese_textiles/image_0200.png,japan
japanese_textiles/image_0201.png,japan
japanese_textiles/image_0202.png,japan
japanese_textiles/image_0203.png,japan
japanese_textiles/image_0204.png,japan
japanese_textiles/image_0205.png,japan
japanese_textiles/image_0206.png,japan
japanese_textiles/image_0207.png,japan
japanese_textiles/image_0208.png,japan
japanese_textiles/image_0209.png,japan
japanese_textiles/image_0210.png,japan
japanese_textiles/image_0211.png,japan
japanese_textiles/image_0212.png,japan
japanese_textiles/image_0213.png,japan
japanese_textiles/image_0214.png,japan
japanese_textiles/image_0215.png,japan
japanese_textiles/image_0216.png,japan
japanese_textiles/image_0217.png,japan
japanese_textiles/image_0218.png,japan
japanese_textiles/image_0219.png,japan
japanese_textiles/image_0220.png,japan
japanese_textiles/image_0221.png,japan
japanese_textiles/image_0222.png,japan
japanese_textiles/image_0223.png,japan
japanese_textiles/image_0224.png,japan
japanese_textiles/image_0225.png,japan
japanese_textiles/image_0226.png,japan
japanese_textiles/image_0227.png,japan
japanese_textiles/image_0228.png,japan
japanese_textiles/image_0229.png,japan
japanese_textiles/image_0230.png,japan
japanese_textiles/image_0231.png,japan
japanese_textiles/image_0232.png,japan
japanese_textiles/image_0233.png,japan
japanese_textiles/image_0234.png,japan
japanese_textiles/image_0235.png,japan
japanese_textiles/image_0236.png,japan
japanese_textiles/image_0237.png,japan
japanese_textiles/image_0238.png,japan
japanese_textiles/image_0239.png,japan
japanese_textiles/image_0240.png,japan
japanese_textiles/image_0241.png,japan
japanese_textiles/image_0242.png,japan
japanese_textiles/image_0243.png,japan
japanese_textiles/image_0244.png,japan
japanese_textiles/image_0245.png,japan
japanese_textiles/image_0246.png,japan
japanese_textiles/image_0247.png,japan
japanese_textiles/image_0248.png,japan
japanese_textiles/image_0249.png,japan
japanese_textiles/image_0250.png,japan
japanese_textiles/image_0251.png,japan
japanese_textiles/image_0252.png,japan
japanese_textiles/image_0253.png,japan
japanese_textiles/image_0254.png,japan
japanese_textiles/image_0255.png,japan
japanese_textiles/image_0256.png,japan
japanese_textiles/image_0257.png,japan
japanese_textiles/image_0258.png,japan
japanese_textiles/image_0259.png,japan
japanese_textiles/image_0260.png,japan
japanese_textiles/image_0261.png,japan
japanese_textiles/image_0262.png,japan
japanese_textiles/image_0263.png,japan
japanese_textiles/image_0264.png,japan
japanese_textiles/image_0265.png,japan
japanese_textiles/image_0266.png,japan
japanese_textiles/image_0267.png,japan
japanese_textiles/image_0268.png,japan
japanese_textiles/image_0269.png,japan
japanese_textiles/image_0270.png,japan
japanese_textiles/image_0271.png,japan
japanese_textiles/image_0272.png,japan
japanese_textiles/image_0273.png,japan
japanese_textiles/image_0274.png,japan
japanese_textiles/image_0275.png,japan
japanese_textiles/image_0276.png,japan
japanese_textiles/image_0277.png,japan
japanese_textiles/image_0278.png,japan
japanese_textiles/image_0279.png,japan
japanese_textiles/image_0280.png,japan
japanese_textiles/image_0281.png,japan
japanese_textiles/image_0282.png,japan
japanese_textiles/image_0283.png,japan
japanese_textiles/image_0284.png,japan
japanese_textiles/image_0285.png,japan
japanese_textiles/image_0286.png,japan
japanese_textiles/image_0287.png,japan
japanese_textiles/image_0288.png,japan
japanese_textiles/image_0289.png,japan
japanese_textiles/image_0290.png,japan
japanese_textiles/image_0291.png,japan
japanese_textiles/image_0292.png,japan
japanese_textiles/image_0293.png,japan
japanese_textiles/image_0294.png,japan
japanese_textiles/image_0295.png,japan
japanese_textiles/image_0296.png,japan
japanese_textiles/image_0297.png,japan
japanese_textiles/image_0298.png,japan
japanese_textiles/image_0299.png,japan
japanese_textiles/image_0300.png,japan
japanese_textiles/image_0301.png,japan
japanese_textiles/image_0302.png,japan
japanese_textiles/image_0303.png,japan
japanese_textiles/image_0304.png,japan
japanese_textiles/image_0305.png,japan
japanese_textiles/image_0306.png,japan
japanese_textiles/image_0307.png,japan
japanese_textiles/image_0308.png,japan
japanese_textiles/image_0309.png,japan
japanese_textiles/image_0310.png,japan
japanese_textiles/image_0311.png,japan
japanese_textiles/image_0312.png,japan
japanese_textiles/image_0313.png,japan
japanese_textiles/image_0314.png,japan
japanese_textiles/image_0315.png,japan
japanese_textiles/image_0316.png,japan
japanese_textiles/image_0317.png,japan
japanese_textiles/image_0318.png,japan
japanese_textiles/image_0319.png,japan
japanese_textiles/image_0320.png,japan
japanese_textiles/image_0321.png,japan
japanese_textiles/image_0322.png,japan
japanese_textiles/image_0323.png,japan
japanese_textiles/image_0324.png,japan
japanese_textiles/image_0325.png,japan
japanese_textiles/image_0326.png,japan
japanese_textiles/image_0327.png,japan
japanese_textiles/image_0328.png,japan
japanese_textiles/image_0329.png,japan
japanese_textiles/image_0330.png,japan
japanese_textiles/image_0331.png,japan
japanese_textiles/image_0332.png,japan
japanese_textiles/image_0333.png,japan
japanese_textiles/image_0334.png,japan
japanese_textiles/image_0335.png,japan
japanese_textiles/image_0336.png,japan
japanese_textiles/image_0337.png,japan
japanese_textiles/image_0338.png,japan
japanese_textiles/image_0339.png,japan
japanese_textiles/image_0340.png,japan
japanese_textiles/image_0341.png,japan
japanese_textiles/image_0342.png,japan
japanese_textiles/image_0343.png,japan
japanese_textiles/image_0344.png,japan
japanese_textiles/image_0345.png,japan
japanese_textiles/image_0346.png,japan
japanese_textiles/image_0347.png,japan
japanese_textiles/image_0348.png,japan
japanese_textiles/image_0349.png,japan
japanese_textiles/image_0350.png,japan
japanese_textiles/image_0351.png,japan
japanese_textiles/image_0352.png,japan
japanese_textiles/image_0353.png,japan
japanese_textiles/image_0354.png,japan
japanese_textiles/image_0355.png,japan
japanese_textiles/image_0356.png,japan
japanese_textiles/image_0357.png,japan
japanese_textiles/image_0358.png,japan
japanese_textiles/image_0359.png,japan
japanese_textiles/image_0360.png,japan
japanese_textiles/image_0361.png,japan
japanese_textiles/image_0362.png,japan
japanese_textiles/image_0363.png,japan
japanese_textiles/image_0364.png,japan
japanese_textiles/image_0365.png,japan
japanese_textiles/image_0366.png,japan
japanese_textiles/image_0367.png,japan
japanese_textiles/image_0368.png,japan
japanese_textiles/image_0369.png,japan
japanese_textiles/image_0370.png,japan
japanese_textiles/image_0371.png,japan
japanese_textiles/image_0372.png,japan
japanese_textiles/image_0373.png,japan
japanese_textiles/image_0374.png,japan
japanese_textiles/image_0375.png,japan
japanese_textiles/image_0376.png,japan
japanese_textiles/image_0377.png,japan
japanese_textiles/image_0378.png,japan
japanese_textiles/image_0379.png,japan
japanese_textiles/image_0380.png,japan
japanese_textiles/image_0381.png,japan
japanese_textiles/image_0382.png,japan
japanese_textiles/image_0383.png,japan
japanese_textiles/image_0384.png,japan
japanese_textiles/image_0385.png,japan
japanese_textiles/image_0386.png,japan
japanese_textiles/image_0387.png,japan
japanese_textiles/image_0388.png,japan
japanese_textiles/image_0389.png,japan
japanese_textiles/image_0390.png,japan
japanese_textiles/image_0391.png,japan
japanese_textiles/image_0392.png,japan
japanese_textiles/image_0393.png,japan
japanese_textiles/image_0394.png,japan
japanese_textiles/image_0395.png,japan
japanese_textiles/image_0396.png,japan
japanese_textiles/image_0397.png,japan
japanese_textiles/image_0398.png,japan
japanese_textiles/image_0399.png,japan
japanese_textiles/image_0400.png,japan
japanese_textiles/image_0401.png,japan
japanese_textiles/image_0402.png,japan
japanese_textiles/image_0403.png,japan
japanese_textiles/image_0404.png,japan
japanese_textiles/image_0405.png,japan
japanese_textiles/image_0406.png,japan
japanese_textiles/image_0407.png,japan
japanese_textiles/image_0408.png,japan
japanese_textiles/image_0409.png,japan
japanese_textiles/image_0410.png,japan
japanese_textiles/image_0411.png,japan
japanese_textiles/image_0412.png,japan
japanese_textiles/image_0413.png,japan
japanese_textiles/image_0414.png,japan
japanese_textiles/image_0415.png,japan
japanese_textiles/image_0416.png,japan
japanese_textiles/image_0417.png,japan
japanese_textiles/image_0418.png,japan
japanese_textiles/image_0419.png,japan
japanese_textiles/image_0420.png,japan
japanese_textiles/image_0421.png,japan
japanese_textiles/image_0422.png,japan
japanese_textiles/image_0423.png,japan
japanese_textiles/image_0424.png,japan
japanese_textiles/image_0425.png,japan
japanese_textiles/image_0426.png,japan
japanese_textiles/image_0427.png,japan
japanese_textiles/image_0428.png,japan
japanese_textiles/image_0429.png,japan
japanese_textiles/image_0430.png,japan
japanese_textiles/image_0431.png,japan
japanese_textiles/image_0432.png,japan
japanese_textiles/image_0433.png,japan
japanese_textiles/image_0434.png,japan
japanese_textiles/image_0435.png,japan
japanese_textiles/image_0436.png,japan
japanese_textiles/image_0437.png,japan
japanese_textiles/image_0438.png,japan
japanese_textiles/image_0439.png,japan
japanese_textiles/image_0440.png,japan
japanese_textiles/image_0441.png,japan
japanese_textiles/image_0442.png,japan
japanese_textiles/image_0443.png,japan
japanese_textiles/image_0444.png,japan
japanese_textiles/image_0445.png,japan
japanese_textiles/image_0446.png,japan
japanese_textiles/image_0447.png,japan
japanese_textiles/image_0448.png,japan
japanese_textiles/image_0449.png,japan
japanese_textiles/image_0450.png,japan
japanese_textiles/image_0451.png,japan
japanese_textiles/image_0452.png,japan
japanese_textiles/image_0453.png,japan
japanese_textiles/image_0454.png,japan
japanese_textiles/image_0455.png,japan
japanese_textiles/image_0456.png,japan
japanese_textiles/image_0457.png,japan
japanese_textiles/image_0458.png,japan
japanese_textiles/image_0459.png,japan
japanese_textiles/image_0460.png,japan
japanese_textiles/image_0461.png,japan
japanese_textiles/image_0462.png,japan
japanese_textiles/image_0463.png,japan
japanese_textiles/image_0464.png,japan
japanese_textiles/image_0465.png,japan
japanese_textiles/image_0466.png,japan
japanese_textiles/image_0467.png,japan
japanese_textiles/image_0468.png,japan
japanese_textiles/image_0469.png,japan
japanese_textiles/image_0470.png,japan
japanese_textiles/image_0471.png,japan
japanese_textiles/image_0472.png,japan
japanese_textiles/image_0473.png,japan
japanese_textiles/image_0474.png,japan
japanese_textiles/image_0475.png,japan
japanese_textiles/image_0476.png,japan
japanese_textiles/image_0477.png,japan
japanese_textiles/image_0478.png,japan
japanese_textiles/image_0479.png,japan
japanese_textiles/image_0480.png,japan
japanese_textiles/image_0481.png,japan
japanese_textiles/image_0482.png,japan
japanese_textiles/image_0483.png,japan
japanese_textiles/image_0484.png,japan
japanese_textiles/image_0485.png,japan
japanese_textiles/image_0486.png,japan
japanese_textiles/image_0487.png,japan
japanese_textiles/image_0488.png,japan
japanese_textiles/image_0489.png,japan
japanese_textiles/image_0490.png,japan
japanese_textiles/image_0491.png,japan
japanese_textiles/image_0492.png,japan
japanese_textiles/image_0493.png,japan
japanese_textiles/image_0494.png,japan
japanese_textiles/image_0495.png,japan
japanese_textiles/image_0496.png,japan
japanese_textiles/image_0497.png,japan
japanese_textiles/image_0498.png,japan
japanese_textiles/image_0499.png,japan
japanese_textiles/image_0500.png,japan
japanese_textiles/image_0501.png,japan
japanese_textiles/image_0502.png,japan
japanese_textiles/image_0503.png,japan
japanese_textiles/image_0504.png,japan
japanese_textiles/image_0505.png,japan
japanese_textiles/image_0506.png,japan
japanese_textiles/image_0507.png,japan
japanese_textiles/image_0508.png,japan
japanese_textiles/image_0509.png,japan
japanese_textiles/image_0510.png,japan
japanese_textiles/image_0511.png,japan
japanese_textiles/image_0512.png,japan
japanese_textiles/image_0513.png,japan
japanese_textiles/image_0514.png,japan
japanese_textiles/image_0515.png,japan
japanese_textiles/image_0516.png,japan
japanese_textiles/image_0517.png,japan
japanese_textiles/image_0518.png,japan
japanese_textiles/image_0519.png,japan
japanese_textiles/image_0520.png,japan
japanese_textiles/image_0521.png,japan
japanese_textiles/image_0522.png,japan
japanese_textiles/image_0523.png,japan
japanese_textiles/image_0524.png,japan
japanese_textiles/image_0525.png,japan
japanese_textiles/image_0526.png,japan
japanese_textiles/image_0527.png,japan
japanese_textiles/image_0528.png,japan
japanese_textiles/image_0529.png,japan
japanese_textiles/image_0530.png,japan
japanese_textiles/image_0531.png,japan
japanese_textiles/image_0532.png,japan
japanese_textiles/image_0533.png,japan
japanese_textiles/image_0534.png,japan
japanese_textiles/image_0535.png,japan
japanese_textiles/image_0536.png,japan
japanese_textiles/image_0537.png,japan
japanese_textiles/image_0538.png,japan
japanese_textiles/image_0539.png,japan
japanese_textiles/image_0540.png,japan
japanese_textiles/image_0541.png,japan
japanese_textiles/image_0542.png,japan
japanese_textiles/image_0543.png,japan
japanese_textiles/image_0544.png,japan
japanese_textiles/image_0545.png,japan
japanese_textiles/image_0546.png,japan
japanese_textiles/image_0547.png,japan
japanese_textiles/image_0548.png,japan
japanese_textiles/image_0549.png,japan
japanese_textiles/image_0550.png,japan
japanese_textiles/image_0551.png,japan
japanese_textiles/image_0552.png,japan
japanese_textiles/image_0553.png,japan
japanese_textiles/image_0554.png,japan
japanese_textiles/image_0555.png,japan
japanese_textiles/image_0556.png,japan
japanese_textiles/image_0557.png,japan
japanese_textiles/image_0558.png,japan
japanese_textiles/image_0559.png,japan
japanese_textiles/image_0560.png,japan
japanese_textiles/image_0561.png,japan
japanese_textiles/image_0562.png,japan
japanese_textiles/image_0563.png,japan
japanese_textiles/image_0564.png,japan
japanese_textiles/image_0565.png,japan
japanese_textiles/image_0566.png,japan
japanese_textiles/image_0567.png,japan
japanese_textiles/image_0568.png,japan
japanese_textiles/image_0569.png,japan
japanese_textiles/image_0570.png,japan
japanese_textiles/image_0571.png,japan
japanese_textiles/image_0572.png,japan
japanese_textiles/image_0573.png,japan
japanese_textiles/image_0574.png,japan
japanese_textiles/image_0575.png,japan
japanese_textiles/image_0576.png,japan
japanese_textiles/image_0577.png,japan
japanese_textiles/image_0578.png,japan
japanese_textiles/image_0579.png,japan
japanese_textiles/image_0580.png,japan
japanese_textiles/image_0581.png,japan
japanese_textiles/image_0582.png,japan
japanese_textiles/image_0583.png,japan
japanese_textiles/image_0584.png,japan
japanese_textiles/image_0585.png,japan
japanese_textiles/image_0586.png,japan
japanese_textiles/image_0587.png,japan
japanese_textiles/image_0588.png,japan
japanese_textiles/image_0589.png,japan
japanese_textiles/image_0590.png,japan
japanese_textiles/image_0591.png,japan
japanese_textiles/image_0592.png,japan
japanese_textiles/image_0593.png,japan
japanese_textiles/image_0594.png,japan
japanese_textiles/image_0595.png,japan
japanese_textiles/image_0596.png,japan
japanese_textiles/image_0597.png,japan
japanese_textiles/image_0598.png,japan
japanese_textiles/image_0599.png,japan
japanese_textiles/image_0600.png,japan
japanese_textiles/image_0601.png,japan
japanese_textiles/image_0602.png,japan
japanese_textiles/image_0603.png,japan
japanese_textiles/image_0604.png,japan
japanese_textiles/image_0605.png,japan
japanese_textiles/image_0606.png,japan
japanese_textiles/image_0607.png,japan
japanese_textiles/image_0608.png,japan
japanese_textiles/image_0609.png,japan
japanese_textiles/image_0610.png,japan
japanese_textiles/image_0611.png,japan
japanese_textiles/image_0612.png,japan
japanese_textiles/image_0613.png,japan
japanese_textiles/image_0614.png,japan
japanese_textiles/image_0615.png,japan
japanese_textiles/image_0616.png,japan
japanese_textiles/image_0617.png,japan
japanese_textiles/image_0618.png,japan
japanese_textiles/image_0619.png,japan
japanese_textiles/image_0620.png,japan
japanese_textiles/image_0621.png,japan
japanese_textiles/image_0622.png,japan
japanese_textiles/image_0623.png,japan
japanese_textiles/image_0624.png,japan
japanese_textiles/image_0625.png,japan
japanese_textiles/image_0626.png,japan
japanese_textiles/image_0627.png,japan
japanese_textiles/image_0628.png,japan
japanese_textiles/image_0629.png,japan
japanese_textiles/image_0630.png,japan
japanese_textiles/image_0631.png,japan
japanese_textiles/image_0632.png,japan
japanese_textiles/image_0633.png,japan
japanese_textiles/image_0634.png,japan
japanese_textiles/image_0635.png,japan
japanese_textiles/image_0636.png,japan
japanese_textiles/image_0637.png,japan
japanese_textiles/image_0638.png,japan
japanese_textiles/image_0639.png,japan
japanese_textiles/image_0640.png,japan
japanese_textiles/image_0641.png,japan
japanese_textiles/image_0642.png,japan
japanese_textiles/image_0643.png,japan
japanese_textiles/image_0644.png,japan
japanese_textiles/image_0645.png,japan
japanese_textiles/image_0646.png,japan
japanese_textiles/image_0647.png,japan
japanese_textiles/image_0648.png,japan
japanese_textiles/image_0649.png,japan
japanese_textiles/image_0650.png,japan
japanese_textiles/image_0651.png,japan
japanese_textiles/image_0652.png,japan
japanese_textiles/image_0653.png,japan
japanese_textiles/image_0654.png,japan
japanese_textiles/image_0655.png,japan
japanese_textiles/image_0656.png,japan
japanese_textiles/image_0657.png,japan
japanese_textiles/image_0658.png,japan
japanese_textiles/image_0659.png,japan
japanese_textiles/image_0660.png,japan
japanese_textiles/image_0661.png,japan
japanese_textiles/image_0662.png,japan
japanese_textiles/image_0663.png,japan
japanese_textiles/image_0664.png,japan
japanese_textiles/image_0665.png,japan
japanese_textiles/image_0666.png,japan
japanese_textiles/image_0667.png,japan
japanese_textiles/image_0668.png,japan
japanese_textiles/image_0669.png,japan
japanese_textiles/image_0670.png,japan
japanese_textiles/image_0671.png,japan
japanese_textiles/image_0672.png,japan
japanese_textiles/image_0673.png,japan
japanese_textiles/image_0674.png,japan
japanese_textiles/image_0675.png,japan
japanese_textiles/image_0676.png,japan
japanese_textiles/image_0677.png,japan
japanese_textiles/image_0678.png,japan
japanese_textiles/image_0679.png,japan
japanese_textiles/image_0680.png,japan
japanese_textiles/image_0681.png,japan
japanese_textiles/image_0682.png,japan
japanese_textiles/image_0683.png,japan
japanese_textiles/image_0684.png,japan
japanese_textiles/image_0685.png,japan
japanese_textiles/image_0686.png,japan
japanese_textiles/image_0687.png,japan
japanese_textiles/image_0688.png,japan
japanese_textiles/image_0689.png,japan
japanese_textiles/image_0690.png,japan
japanese_textiles/image_0691.png,japan
japanese_textiles/image_0692.png,japan
japanese_textiles/image_0693.png,japan
japanese_textiles/image_0694.png,japan
japanese_textiles/image_0695.png,japan
japanese_textiles/image_0696.png,japan
japanese_textiles/image_0697.png,japan
japanese_textiles/image_0698.png,japan
japanese_textiles/image_0699.png,japan
japanese_textiles/image_0700.png,japan
japanese_textiles/image_0701.png,japan
japanese_textiles/image_0702.png,japan
japanese_textiles/image_0703.png,japan
japanese_textiles/image_0704.png,japan
japanese_textiles/image_0705.png,japan
japanese_textiles/image_0706.png,japan
japanese_textiles/image_0707.png,japan
japanese_textiles/image_0708.png,japan
japanese_textiles/image_0709.png,japan
japanese_textiles/image_0710.png,japan
japanese_textiles/image_0711.png,japan
japanese_textiles/image_0712.png,japan
japanese_textiles/image_0713.png,japan
japanese_textiles/image_0714.png,japan
japanese_textiles/image_0715.png,japan
japanese_textiles/image_0716.png,japan
japanese_textiles/image_0717.png,japan
japanese_textiles/image_0718.png,japan
japanese_textiles/image_0719.png,japan
japanese_textiles/image_0720.png,japan
japanese_textiles/image_0721.png,japan
japanese_textiles/image_0722.png,japan
japanese_textiles/image_0723.png,japan
japanese_textiles/image_0724.png,japan
japanese_textiles/image_0725.png,japan
japanese_textiles/image_0726.png,japan
japanese_textiles/image_0727.png,japan
japanese_textiles/image_0728.png,japan
japanese_textiles/image_0729.png,japan
japanese_textiles/image_0730.png,japan
japanese_textiles/image_0731.png,japan
japanese_textiles/image_0732.png,japan
japanese_textiles/image_0733.png,japan
japanese_textiles/image_0734.png,japan
japanese_textiles/image_0735.png,japan
japanese_textiles/image_0736.png,japan
japanese_textiles/image_0737.png,japan
japanese_textiles/image_0738.png,japan
japanese_textiles/image_0739.png,japan
japanese_textiles/image_0740.png,japan
japanese_textiles/image_0741.png,japan
japanese_textiles/image_0742.png,japan
japanese_textiles/image_0743.png,japan
japanese_textiles/image_0744.png,japan
japanese_textiles/image_0745.png,japan
japanese_textiles/image_0746.png,japan
japanese_textiles/image_0747.png,japan
japanese_textiles/image_0748.png,japan
japanese_textiles/image_0749.png,japan
japanese_textiles/image_0750.png,japan
japanese_textiles/image_0751.png,japan
japanese_textiles/image_0752.png,japan
japanese_textiles/image_0753.png,japan
japanese_textiles/image_0754.png,japan
japanese_textiles/image_0755.png,japan
japanese_textiles/image_0756.png,japan
japanese_textiles/image_0757.png,japan
japanese_textiles/image_0758.png,japan
japanese_textiles/image_0759.png,japan
japanese_textiles/image_0760.png,japan
japanese_textiles/image_0761.png,japan
japanese_textiles/image_0762.png,japan
japanese_textiles/image_0763.png,japan
japanese_textiles/image_0764.png,japan
japanese_textiles/image_0765.png,japan
japanese_textiles/image_0766.png,japan
japanese_textiles/image_0767.png,japan
japanese_textiles/image_0768.png,japan
japanese_textiles/image_0769.png,japan
japanese_textiles/image_0770.png,japan
japanese_textiles/image_0771.png,japan
japanese_textiles/image_0772.png,japan
japanese_textiles/image_0773.png,japan
japanese_textiles/image_0774.png,japan
japanese_textiles/image_0775.png,japan
japanese_textiles/image_0776.png,japan
japanese_textiles/image_0777.png,japan
japanese_textiles/image_0778.png,japan
japanese_textiles/image_0779.png,japan
japanese_textiles/image_0780.png,japan
japanese_textiles/image_0781.png,japan
japanese_textiles/image_0782.png,japan
japanese_textiles/image_0783.png,japan
japanese_textiles/image_0784.png,japan
japanese_textiles/image_0785.png,japan
japanese_textiles/image_0786.png,japan
japanese_textiles/image_0787.png,japan
japanese_textiles/image_0788.png,japan
japanese_textiles/image_0789.png,japan
japanese_textiles/image_0790.png,japan
japanese_textiles/image_0791.png,japan
japanese_textiles/image_0792.png,japan
japanese_textiles/image_0793.png,japan
japanese_textiles/image_0794.png,japan
japanese_textiles/image_0795.png,japan
japanese_textiles/image_0796.png,japan
japanese_textiles/image_0797.png,japan
japanese_textiles/image_0798.png,japan
japanese_textiles/image_0799.png,japan
japanese_textiles/image_0800.png,japan
japanese_textiles/image_0801.png,japan
japanese_textiles/image_0802.png,japan
japanese_textiles/image_0803.png,japan
japanese_textiles/image_0804.png,japan
japanese_textiles/image_0805.png,japan
japanese_textiles/image_0806.png,japan
japanese_textiles/image_0807.png,japan
japanese_textiles/image_0808.png,japan
japanese_textiles/image_0809.png,japan
japanese_textiles/image_0810.png,japan
japanese_textiles/image_0811.png,japan
japanese_textiles/image_0812.png,japan
japanese_textiles/image_0813.png,japan
japanese_textiles/image_0814.png,japan
japanese_textiles/image_0815.png,japan
japanese_textiles/image_0816.png,japan
japanese_textiles/image_0817.png,japan
japanese_textiles/image_0818.png,japan
japanese_textiles/image_0819.png,japan
japanese_textiles/image_0820.png,japan
japanese_textiles/image_0821.png,japan
japanese_textiles/image_0822.png,japan
japanese_textiles/image_0823.png,japan
japanese_textiles/image_0824.png,japan
japanese_textiles/image_0825.png,japan
japanese_textiles/image_0826.png,japan
japanese_textiles/image_0827.png,japan
japanese_textiles/image_0828.png,japan
japanese_textiles/image_0829.png,japan
japanese_textiles/image_0830.png,japan
japanese_textiles/image_0831.png,japan
japanese_textiles/image_0832.png,japan
japanese_textiles/image_0833.png,japan
japanese_textiles/image_0834.png,japan
japanese_textiles/image_0835.png,japan
japanese_textiles/image_0836.png,japan
japanese_textiles/image_0837.png,japan
japanese_textiles/image_0838.png,japan
japanese_textiles/image_0839.png,japan
japanese_textiles/image_0840.png,japan
japanese_textiles/image_0841.png,japan
japanese_textiles/image_0842.png,japan
japanese_textiles/image_0843.png,japan
japanese_textiles/image_0844.png,japan
japanese_textiles/image_0845.png,japan
japanese_textiles/image_0846.png,japan
japanese_textiles/image_0847.png,japan
japanese_textiles/image_0848.png,japan
japanese_textiles/image_0849.png,japan
japanese_textiles/image_0850.png,japan
japanese_textiles/image_0851.png,japan
japanese_textiles/image_0852.png,japan
japanese_textiles/image_0853.png,japan
japanese_textiles/image_0854.png,japan
japanese_textiles/image_0855.png,japan
japanese_textiles/image_0856.png,japan
japanese_textiles/image_0857.png,japan
japanese_textiles/image_0858.png,japan
japanese_textiles/image_0859.png,japan
japanese_textiles/image_0860.png,japan
japanese_textiles/image_0861.png,japan
japanese_textiles/image_0862.png,japan
japanese_textiles/image_0863.png,japan
japanese_textiles/image_0864.png,japan
japanese_textiles/image_0865.png,japan
japanese_textiles/image_0866.png,japan
japanese_textiles/image_0867.png,japan
japanese_textiles/image_0868.png,japan
japanese_textiles/image_0869.png,japan
japanese_textiles/image_0870.png,japan
japanese_textiles/image_0871.png,japan
japanese_textiles/image_0872.png,japan
japanese_textiles/image_0873.png,japan
japanese_textiles/image_0874.png,japan
japanese_textiles/image_0875.png,japan
japanese_textiles/image_0876.png,japan
japanese_textiles/image_0877.png,japan
japanese_textiles/image_0878.png,japan
japanese_textiles/image_0879.png,japan
japanese_textiles/image_0880.png,japan
japanese_textiles/image_0881.png,japan
japanese_textiles/image_0882.png,japan
japanese_textiles/image_0883.png,japan
japanese_textiles/image_0884.png,japan
japanese_textiles/image_0885.png,japan
japanese_textiles/image_0886.png,japan
japanese_textiles/image_0887.png,japan
japanese_textiles/image_0888.png,japan
japanese_textiles/image_0889.png,japan
japanese_textiles/image_0890.png,japan
japanese_textiles/image_0891.png,japan
japanese_textiles/image_0892.png,japan
japanese_textiles/image_0893.png,japan
japanese_textiles/image_0894.png,japan
japanese_textiles/image_0895.png,japan
japanese_textiles/image_0896.png,japan
japanese_textiles/image_0897.png,japan
japanese_textiles/image_0898.png,japan
japanese_textiles/image_0899.png,japan
japanese_textiles/image_0900.png,japan
japanese_textiles/image_0901.png,japan
japanese_textiles/image_0902.png,japan
japanese_textiles/image_0903.png,japan
japanese_textiles/image_0904.png,japan
japanese_textiles/image_0905.png,japan
japanese_textiles/image_0906.png,japan
japanese_textiles/image_0907.png,japan
japanese_textiles/image_0908.png,japan
japanese_textiles/image_0909.png,japan
japanese_textiles/image_0910.png,japan
japanese_textiles/image_0911.png,japan
japanese_textiles/image_0912.png,japan
japanese_textiles/image_0913.png,japan
japanese_textiles/image_0914.png,japan
japanese_textiles/image_0915.png,japan
japanese_textiles/image_0916.png,japan
japanese_textiles/image_0917.png,japan
japanese_textiles/image_0918.png,japan
japanese_textiles/image_0919.png,japan
japanese_textiles/image_0920.png,japan
japanese_textiles/image_0921.png,japan
japanese_textiles/image_0922.png,japan
japanese_textiles/image_0923.png,japan
japanese_textiles/image_0924.png,japan
japanese_textiles/image_0925.png,japan
japanese_textiles/image_0926.png,japan
japanese_textiles/image_0927.png,japan
japanese_textiles/image_0928.png,japan
japanese_textiles/image_0929.png,japan
japanese_textiles/image_0930.png,japan
japanese_textiles/image_0931.png,japan
japanese_textiles/image_0932.png,japan
japanese_textiles/image_0933.png,japan
japanese_textiles/image_0934.png,japan
japanese_textiles/image_0935.png,japan
japanese_textiles/image_0936.png,japan
japanese_textiles/image_0937.png,japan
japanese_textiles/image_0938.png,japan
japanese_textiles/image_0939.png,japan
japanese_textiles/image_0940.png,japan
japanese_textiles/image_0941.png,japan
japanese_textiles/image_0942.png,japan
japanese_textiles/image_0943.png,japan
japanese_textiles/image_0944.png,japan
japanese_textiles/image_0945.png,japan
japanese_textiles/image_0946.png,japan
japanese_textiles/image_0947.png,japan
japanese_textiles/image_0948.png,japan
japanese_textiles/image_0949.png,japan
japanese_textiles/image_0950.png,japan
japanese_textiles/image_0951.png,japan
japanese_textiles/image_0952.png,japan
japanese_textiles/image_0953.png,japan
japanese_textiles/image_0954.png,japan
japanese_textiles/image_0955.png,japan
japanese_textiles/image_0956.png,japan
japanese_textiles/image_0957.png,japan
japanese_textiles/image_0958.png,japan
japanese_textiles/image_0959.png,japan
japanese_textiles/image_0960.png,japan
japanese_textiles/image_0961.png,japan
japanese_textiles/image_0962.png,japan
japanese_textiles/image_0963.png,japan
japanese_textiles/image_0964.png,japan
japanese_textiles/image_0965.png,japan
japanese_textiles/image_0966.png,japan
japanese_textiles/image_0967.png,japan
japanese_textiles/image_0968.png,japan
japanese_textiles/image_0969.png,japan
japanese_textiles/image_0970.png,japan
japanese_textiles/image_0971.png,japan
japanese_textiles/image_0972.png,japan
japanese_textiles/image_0973.png,japan
japanese_textiles/image_0974.png,japan
japanese_textiles/image_0975.png,japan
japanese_textiles/image_0976.png,japan
japanese_textiles/image_0977.png,japan
japanese_textiles/image_0978.png,japan
japanese_textiles/image_0979.png,japan
japanese_textiles/image_0980.png,japan
japanese_textiles/image_0981.png,japan
japanese_textiles/image_0982.png,japan
japanese_textiles/image_0983.png,japan
japanese_textiles/image_0984.png,japan
japanese_textiles/image_0985.png,japan
japanese_textiles/image_0986.png,japan
japanese_textiles/image_0987.png,japan
japanese_textiles/image_0988.png,japan
japanese_textiles/image_0989.png,japan
japanese_textiles/image_0990.png,japan
japanese_textiles/image_0991.png,japan
japanese_textiles/image_0992.png,japan
japanese_textiles/image_0993.png,japan
japanese_textiles/image_0994.png,japan
japanese_textiles/image_0995.png,japan
japanese_textiles/image_0996.png,japan
japanese_textiles/image_0997.png,japan
japanese_textiles/image_0998.png,japan
japanese_textiles/image_0999.png,japan
sri_lankan_textiles/image_0000.png,sri_lanka
sri_lankan_textiles/image_0001.png,sri_lanka
sri_lankan_textiles/image_0002.png,sri_lanka
sri_lankan_textiles/image_0003.png,sri_lanka
sri_lankan_textiles/image_0004.png,sri_lanka
sri_lankan_textiles/image_0005.png,sri_lanka
sri_lankan_textiles/image_0006.png,sri_lanka
sri_lankan_textiles/image_0007.png,sri_lanka
sri_lankan_textiles/image_0008.png,sri_lanka
sri_lankan_textiles/image_0009.png,sri_lanka
sri_lankan_textiles/image_0010.png,sri_lanka
sri_lankan_textiles/image_0011.png,sri_lanka
sri_lankan_textiles/image_0012.png,sri_lanka
sri_lankan_textiles/image_0013.png,sri_lanka
sri_lankan_textiles/image_0014.png,sri_lanka
sri_lankan_textiles/image_0015.png,sri_lanka
sri_lankan_textiles/image_0016.png,sri_lanka
sri_lankan_textiles/image_0017.png,sri_lanka
sri_lankan_textiles/image_0018.png,sri_lanka
sri_lankan_textiles/image_0019.png,sri_lanka
sri_lankan_textiles/image_0020.png,sri_lanka
sri_lankan_textiles/image_0021.png,sri_lanka
sri_lankan_textiles/image_0022.png,sri_lanka
sri_lankan_textiles/image_0023.png,sri_lanka
sri_lankan_textiles/image_0024.png,sri_lanka
sri_lankan_textiles/image_0025.png,sri_lanka
sri_lankan_textiles/image_0026.png,sri_lanka
sri_lankan_textiles/image_0027.png,sri_lanka
sri_lankan_textiles/image_0028.png,sri_lanka
sri_lankan_textiles/image_0029.png,sri_lanka
sri_lankan_textiles/image_0030.png,sri_lanka
sri_lankan_textiles/image_0031.png,sri_lanka
sri_lankan_textiles/image_0032.png,sri_lanka
sri_lankan_textiles/image_0033.png,sri_lanka
sri_lankan_textiles/image_0034.png,sri_lanka
sri_lankan_textiles/image_0035.png,sri_lanka
sri_lankan_textiles/image_0036.png,sri_lanka
sri_lankan_textiles/image_0037.png,sri_lanka
sri_lankan_textiles/image_0038.png,sri_lanka
sri_lankan_textiles/image_0039.png,sri_lanka
sri_lankan_textiles/image_0040.png,sri_lanka
sri_lankan_textiles/image_0041.png,sri_lanka
sri_lankan_textiles/image_0042.png,sri_lanka
sri_lankan_textiles/image_0043.png,sri_lanka
sri_lankan_textiles/image_0044.png,sri_lanka
sri_lankan_textiles/image_0045.png,sri_lanka
sri_lankan_textiles/image_0046.png,sri_lanka
sri_lankan_textiles/image_0047.png,sri_lanka
sri_lankan_textiles/image_0048.png,sri_lanka
sri_lankan_textiles/image_0049.png,sri_lanka
sri_lankan_textiles/image_0050.png,sri_lanka
sri_lankan_textiles/image_0051.png,sri_lanka
sri_lankan_textiles/image_0052.png,sri_lanka
sri_lankan_textiles/image_0053.png,sri_lanka
sri_lankan_textiles/image_0054.png,sri_lanka
sri_lankan_textiles/image_0055.png,sri_lanka
sri_lankan_textiles/image_0056.png,sri_lanka
sri_lankan_textiles/image_0057.png,sri_lanka
sri_lankan_textiles/image_0058.png,sri_lanka
sri_lankan_textiles/image_0059.png,sri_lanka
sri_lankan_textiles/image_0060.png,sri_lanka
sri_lankan_textiles/image_0061.png,sri_lanka
sri_lankan_textiles/image_0062.png,sri_lanka
sri_lankan_textiles/image_0063.png,sri_lanka
sri_lankan_textiles/image_0064.png,sri_lanka
sri_lankan_textiles/image_0065.png,sri_lanka
sri_lankan_textiles/image_0066.png,sri_lanka
sri_lankan_textiles/image_0067.png,sri_lanka
sri_lankan_textiles/image_0068.png,sri_lanka
sri_lankan_textiles/image_0069.png,sri_lanka
sri_lankan_textiles/image_0070.png,sri_lanka
sri_lankan_textiles/image_0071.png,sri_lanka
sri_lankan_textiles/image_0072.png,sri_lanka
sri_lankan_textiles/image_0073.png,sri_lanka
sri_lankan_textiles/image_0074.png,sri_lanka
sri_lankan_textiles/image_0075.png,sri_lanka
sri_lankan_textiles/image_0076.png,sri_lanka
sri_lankan_textiles/image_0077.png,sri_lanka
sri_lankan_textiles/image_0078.png,sri_lanka
sri_lankan_textiles/image_0079.png,sri_lanka
sri_lankan_textiles/image_0080.png,sri_lanka
sri_lankan_textiles/image_0081.png,sri_lanka
sri_lankan_textiles/image_0082.png,sri_lanka
sri_lankan_textiles/image_0083.png,sri_lanka
sri_lankan_textiles/image_0084.png,sri_lanka
sri_lankan_textiles/image_0085.png,sri_lanka
sri_lankan_textiles/image_0086.png,sri_lanka
sri_lankan_textiles/image_0087.png,sri_lanka
sri_lankan_textiles/image_0088.png,sri_lanka
sri_lankan_textiles/image_0089.png,sri_lanka
sri_lankan_textiles/image_0090.png,sri_lanka
sri_lankan_textiles/image_0091.png,sri_lanka
sri_lankan_textiles/image_0092.png,sri_lanka
sri_lankan_textiles/image_0093.png,sri_lanka
sri_lankan_textiles/image_0094.png,sri_lanka
sri_lankan_textiles/image_0095.png,sri_lanka
sri_lankan_textiles/image_0096.png,sri_lanka
sri_lankan_textiles/image_0097.png,sri_lanka
sri_lankan_textiles/image_0098.png,sri_lanka
sri_lankan_textiles/image_0099.png,sri_lanka
sri_lankan_textiles/image_0100.png,sri_lanka
sri_lankan_textiles/image_0101.png,sri_lanka
sri_lankan_textiles/image_0102.png,sri_lanka
sri_lankan_textiles/image_0103.png,sri_lanka
sri_lankan_textiles/image_0104.png,sri_lanka
sri_lankan_textiles/image_0105.png,sri_lanka
sri_lankan_textiles/image_0106.png,sri_lanka
sri_lankan_textiles/image_0107.png,sri_lanka
sri_lankan_textiles/image_0108.png,sri_lanka
sri_lankan_textiles/image_0109.png,sri_lanka
sri_lankan_textiles/image_0110.png,sri_lanka
sri_lankan_textiles/image_0111.png,sri_lanka
sri_lankan_textiles/image_0112.png,sri_lanka
sri_lankan_textiles/image_0113.png,sri_lanka
sri_lankan_textiles/image_0114.png,sri_lanka
sri_lankan_textiles/image_0115.png,sri_lanka
sri_lankan_textiles/image_0116.png,sri_lanka
sri_lankan_textiles/image_0117.png,sri_lanka
sri_lankan_textiles/image_0118.png,sri_lanka
sri_lankan_textiles/image_0119.png,sri_lanka
sri_lankan_textiles/image_0120.png,sri_lanka
sri_lankan_textiles/image_0121.png,sri_lanka
sri_lankan_textiles/image_0122.png,sri_lanka
sri_lankan_textiles/image_0123.png,sri_lanka
sri_lankan_textiles/image_0124.png,sri_lanka
sri_lankan_textiles/image_0125.png,sri_lanka
sri_lankan_textiles/image_0126.png,sri_lanka
sri_lankan_textiles/image_0127.png,sri_lanka
sri_lankan_textiles/image_0128.png,sri_lanka
sri_lankan_textiles/image_0129.png,sri_lanka
sri_lankan_textiles/image_0130.png,sri_lanka
sri_lankan_textiles/image_0131.png,sri_lanka
sri_lankan_textiles/image_0132.png,sri_lanka
sri_lankan_textiles/image_0133.png,sri_lanka
sri_lankan_textiles/image_0134.png,sri_lanka
sri_lankan_textiles/image_0135.png,sri_lanka
sri_lankan_textiles/image_0136.png,sri_lanka
sri_lankan_textiles/image_0137.png,sri_lanka
sri_lankan_textiles/image_0138.png,sri_lanka
sri_lankan_textiles/image_0139.png,sri_lanka
sri_lankan_textiles/image_0140.png,sri_lanka
sri_lankan_textiles/image_0141.png,sri_lanka
sri_lankan_textiles/image_0142.png,sri_lanka
sri_lankan_textiles/image_0143.png,sri_lanka
sri_lankan_textiles/image_0144.png,sri_lanka
sri_lankan_textiles/image_0145.png,sri_lanka
sri_lankan_textiles/image_0146.png,sri_lanka
sri_lankan_textiles/image_0147.png,sri_lanka
sri_lankan_textiles/image_0148.png,sri_lanka
sri_lankan_textiles/image_0149.png,sri_lanka
sri_lankan_textiles/image_0150.png,sri_lanka
sri_lankan_textiles/image_0151.png,sri_lanka
sri_lankan_textiles/image_0152.png,sri_lanka
sri_lankan_textiles/image_0153.png,sri_lanka
sri_lankan_textiles/image_0154.png,sri_lanka
sri_lankan_textiles/image_0155.png,sri_lanka
sri_lankan_textiles/image_0156.png,sri_lanka
sri_lankan_textiles/image_0157.png,sri_lanka
sri_lankan_textiles/image_0158.png,sri_lanka
sri_lankan_textiles/image_0159.png,sri_lanka
sri_lankan_textiles/image_0160.png,sri_lanka
sri_lankan_textiles/image_0161.png,sri_lanka
sri_lankan_textiles/image_0162.png,sri_lanka
sri_lankan_textiles/image_0163.png,sri_lanka
sri_lankan_textiles/image_0164.png,sri_lanka
sri_lankan_textiles/image_0165.png,sri_lanka
sri_lankan_textiles/image_0166.png,sri_lanka
sri_lankan_textiles/image_0167.png,sri_lanka
sri_lankan_textiles/image_0168.png,sri_lanka
sri_lankan_textiles/image_0169.png,sri_lanka
sri_lankan_textiles/image_0170.png,sri_lanka
sri_lankan_textiles/image_0171.png,sri_lanka
sri_lankan_textiles/image_0172.png,sri_lanka
sri_lankan_textiles/image_0173.png,sri_lanka
sri_lankan_textiles/image_0174.png,sri_lanka
sri_lankan_textiles/image_0175.png,sri_lanka
sri_lankan_textiles/image_0176.png,sri_lanka
sri_lankan_textiles/image_0177.png,sri_lanka
sri_lankan_textiles/image_0178.png,sri_lanka
sri_lankan_textiles/image_0179.png,sri_lanka
sri_lankan_textiles/image_0180.png,sri_lanka
sri_lankan_textiles/image_0181.png,sri_lanka
sri_lankan_textiles/image_0182.png,sri_lanka
sri_lankan_textiles/image_0183.png,sri_lanka
sri_lankan_textiles/image_0184.png,sri_lanka
sri_lankan_textiles/image_0185.png,sri_lanka
sri_lankan_textiles/image_0186.png,sri_lanka
sri_lankan_textiles/image_0187.png,sri_lanka
sri_lankan_textiles/image_0188.png,sri_lanka
sri_lankan_textiles/image_0189.png,sri_lanka
sri_lankan_textiles/image_0190.png,sri_lanka
sri_lankan_textiles/image_0191.png,sri_lanka
sri_lankan_textiles/image_0192.png,sri_lanka
sri_lankan_textiles/image_0193.png,sri_lanka
sri_lankan_textiles/image_0194.png,sri_lanka
sri_lankan_textiles/image_0195.png,sri_lanka
sri_lankan_textiles/image_0196.png,sri_lanka
sri_lankan_textiles/image_0197.png,sri_lanka
sri_lankan_textiles/image_0198.png,sri_lanka
sri_lankan_textiles/image_0199.png,sri_lanka
sri_lankan_textiles/image_0200.png,sri_lanka
sri_lankan_textiles/image_0201.png,sri_lanka
sri_lankan_textiles/image_0202.png,sri_lanka
sri_lankan_textiles/image_0203.png,sri_lanka
sri_lankan_textiles/image_0204.png,sri_lanka
sri_lankan_textiles/image_0205.png,sri_lanka
sri_lankan_textiles/image_0206.png,sri_lanka
sri_lankan_textiles/image_0207.png,sri_lanka
sri_lankan_textiles/image_0208.png,sri_lanka
sri_lankan_textiles/image_0209.png,sri_lanka
sri_lankan_textiles/image_0210.png,sri_lanka
sri_lankan_textiles/image_0211.png,sri_lanka
sri_lankan_textiles/image_0212.png,sri_lanka
sri_lankan_textiles/image_0213.png,sri_lanka
sri_lankan_textiles/image_0214.png,sri_lanka
sri_lankan_textiles/image_0215.png,sri_lanka
sri_lankan_textiles/image_0216.png,sri_lanka
sri_lankan_textiles/image_0217.png,sri_lanka
sri_lankan_textiles/image_0218.png,sri_lanka
sri_lankan_textiles/image_0219.png,sri_lanka
sri_lankan_textiles/image_0220.png,sri_lanka
sri_lankan_textiles/image_0221.png,sri_lanka
sri_lankan_textiles/image_0222.png,sri_lanka
sri_lankan_textiles/image_0223.png,sri_lanka
sri_lankan_textiles/image_0224.png,sri_lanka
sri_lankan_textiles/image_0225.png,sri_lanka
sri_lankan_textiles/image_0226.png,sri_lanka
sri_lankan_textiles/image_0227.png,sri_lanka
sri_lankan_textiles/image_0228.png,sri_lanka
sri_lankan_textiles/image_0229.png,sri_lanka
sri_lankan_textiles/image_0230.png,sri_lanka
sri_lankan_textiles/image_0231.png,sri_lanka
sri_lankan_textiles/image_0232.png,sri_lanka
sri_lankan_textiles/image_0233.png,sri_lanka
sri_lankan_textiles/image_0234.png,sri_lanka
sri_lankan_textiles/image_0235.png,sri_lanka
sri_lankan_textiles/image_0236.png,sri_lanka
sri_lankan_textiles/image_0237.png,sri_lanka
sri_lankan_textiles/image_0238.png,sri_lanka
sri_lankan_textiles/image_0239.png,sri_lanka
sri_lankan_textiles/image_0240.png,sri_lanka
sri_lankan_textiles/image_0241.png,sri_lanka
sri_lankan_textiles/image_0242.png,sri_lanka
sri_lankan_textiles/image_0243.png,sri_lanka
sri_lankan_textiles/image_0244.png,sri_lanka
sri_lankan_textiles/image_0245.png,sri_lanka
sri_lankan_textiles/image_0246.png,sri_lanka
sri_lankan_textiles/image_0247.png,sri_lanka
sri_lankan_textiles/image_0248.png,sri_lanka
sri_lankan_textiles/image_0249.png,sri_lanka
sri_lankan_textiles/image_0250.png,sri_lanka
sri_lankan_textiles/image_0251.png,sri_lanka
sri_lankan_textiles/image_0252.png,sri_lanka
sri_lankan_textiles/image_0253.png,sri_lanka
sri_lankan_textiles/image_0254.png,sri_lanka
sri_lankan_textiles/image_0255.png,sri_lanka
sri_lankan_textiles/image_0256.png,sri_lanka
sri_lankan_textiles/image_0257.png,sri_lanka
sri_lankan_textiles/image_0258.png,sri_lanka
sri_lankan_textiles/image_0259.png,sri_lanka
sri_lankan_textiles/image_0260.png,sri_lanka
sri_lankan_textiles/image_0261.png,sri_lanka
sri_lankan_textiles/image_0262.png,sri_lanka
sri_lankan_textiles/image_0263.png,sri_lanka
sri_lankan_textiles/image_0264.png,sri_lanka
sri_lankan_textiles/image_0265.png,sri_lanka
sri_lankan_textiles/image_0266.png,sri_lanka
sri_lankan_textiles/image_0267.png,sri_lanka
sri_lankan_textiles/image_0268.png,sri_lanka
sri_lankan_textiles/image_0269.png,sri_lanka
sri_lankan_textiles/image_0270.png,sri_lanka
sri_lankan_textiles/image_0271.png,sri_lanka
sri_lankan_textiles/image_0272.png,sri_lanka
sri_lankan_textiles/image_0273.png,sri_lanka
sri_lankan_textiles/image_0274.png,sri_lanka
sri_lankan_textiles/image_0275.png,sri_lanka
sri_lankan_textiles/image_0276.png,sri_lanka
sri_lankan_textiles/image_0277.png,sri_lanka
sri_lankan_textiles/image_0278.png,sri_lanka
sri_lankan_textiles/image_0279.png,sri_lanka
sri_lankan_textiles/image_0280.png,sri_lanka
sri_lankan_textiles/image_0281.png,sri_lanka
sri_lankan_textiles/image_0282.png,sri_lanka
sri_lankan_textiles/image_0283.png,sri_lanka
sri_lankan_textiles/image_0284.png,sri_lanka
sri_lankan_textiles/image_0285.png,sri_lanka
sri_lankan_textiles/image_0286.png,sri_lanka
sri_lankan_textiles/image_0287.png,sri_lanka
sri_lankan_textiles/image_0288.png,sri_lanka
sri_lankan_textiles/image_0289.png,sri_lanka
sri_lankan_textiles/image_0290.png,sri_lanka
sri_lankan_textiles/image_0291.png,sri_lanka
sri_lankan_textiles/image_0292.png,sri_lanka
sri_lankan_textiles/image_0293.png,sri_lanka
sri_lankan_textiles/image_0294.png,sri_lanka
sri_lankan_textiles/image_0295.png,sri_lanka
sri_lankan_textiles/image_0296.png,sri_lanka
sri_lankan_textiles/image_0297.png,sri_lanka
sri_lankan_textiles/image_0298.png,sri_lanka
sri_lankan_textiles/image_0299.png,sri_lanka
sri_lankan_textiles/image_0300.png,sri_lanka
sri_lankan_textiles/image_0301.png,sri_lanka
sri_lankan_textiles/image_0302.png,sri_lanka
sri_lankan_textiles/image_0303.png,sri_lanka
sri_lankan_textiles/image_0304.png,sri_lanka
sri_lankan_textiles/image_0305.png,sri_lanka
sri_lankan_textiles/image_0306.png,sri_lanka
sri_lankan_textiles/image_0307.png,sri_lanka
sri_lankan_textiles/image_0308.png,sri_lanka
sri_lankan_textiles/image_0309.png,sri_lanka
sri_lankan_textiles/image_0310.png,sri_lanka
sri_lankan_textiles/image_0311.png,sri_lanka
sri_lankan_textiles/image_0312.png,sri_lanka
sri_lankan_textiles/image_0313.png,sri_lanka
sri_lankan_textiles/image_0314.png,sri_lanka
sri_lankan_textiles/image_0315.png,sri_lanka
sri_lankan_textiles/image_0316.png,sri_lanka
sri_lankan_textiles/image_0317.png,sri_lanka
sri_lankan_textiles/image_0318.png,sri_lanka
sri_lankan_textiles/image_0319.png,sri_lanka
sri_lankan_textiles/image_0320.png,sri_lanka
sri_lankan_textiles/image_0321.png,sri_lanka
sri_lankan_textiles/image_0322.png,sri_lanka
sri_lankan_textiles/image_0323.png,sri_lanka
sri_lankan_textiles/image_0324.png,sri_lanka
sri_lankan_textiles/image_0325.png,sri_lanka
sri_lankan_textiles/image_0326.png,sri_lanka
sri_lankan_textiles/image_0327.png,sri_lanka
sri_lankan_textiles/image_0328.png,sri_lanka
sri_lankan_textiles/image_0329.png,sri_lanka
sri_lankan_textiles/image_0330.png,sri_lanka
sri_lankan_textiles/image_0331.png,sri_lanka
sri_lankan_textiles/image_0332.png,sri_lanka
sri_lankan_textiles/image_0333.png,sri_lanka
sri_lankan_textiles/image_0334.png,sri_lanka
sri_lankan_textiles/image_0335.png,sri_lanka
sri_lankan_textiles/image_0336.png,sri_lanka
sri_lankan_textiles/image_0337.png,sri_lanka
sri_lankan_textiles/image_0338.png,sri_lanka
sri_lankan_textiles/image_0339.png,sri_lanka
sri_lankan_textiles/image_0340.png,sri_lanka
sri_lankan_textiles/image_0341.png,sri_lanka
sri_lankan_textiles/image_0342.png,sri_lanka
sri_lankan_textiles/image_0343.png,sri_lanka
sri_lankan_textiles/image_0344.png,sri_lanka
sri_lankan_textiles/image_0345.png,sri_lanka
sri_lankan_textiles/image_0346.png,sri_lanka
sri_lankan_textiles/image_0347.png,sri_lanka
sri_lankan_textiles/image_0348.png,sri_lanka
sri_lankan_textiles/image_0349.png,sri_lanka
sri_lankan_textiles/image_0350.png,sri_lanka
sri_lankan_textiles/image_0351.png,sri_lanka
sri_lankan_textiles/image_0352.png,sri_lanka
sri_lankan_textiles/image_0353.png,sri_lanka
sri_lankan_textiles/image_0354.png,sri_lanka
sri_lankan_textiles/image_0355.png,sri_lanka
sri_lankan_textiles/image_0356.png,sri_lanka
sri_lankan_textiles/image_0357.png,sri_lanka
sri_lankan_textiles/image_0358.png,sri_lanka
sri_lankan_textiles/image_0359.png,sri_lanka
sri_lankan_textiles/image_0360.png,sri_lanka
sri_lankan_textiles/image_0361.png,sri_lanka
sri_lankan_textiles/image_0362.png,sri_lanka
sri_lankan_textiles/image_0363.png,sri_lanka
sri_lankan_textiles/image_0364.png,sri_lanka
sri_lankan_textiles/image_0365.png,sri_lanka
sri_lankan_textiles/image_0366.png,sri_lanka
sri_lankan_textiles/image_0367.png,sri_lanka
sri_lankan_textiles/image_0368.png,sri_lanka
sri_lankan_textiles/image_0369.png,sri_lanka
sri_lankan_textiles/image_0370.png,sri_lanka
sri_lankan_textiles/image_0371.png,sri_lanka
sri_lankan_textiles/image_0372.png,sri_lanka
sri_lankan_textiles/image_0373.png,sri_lanka
sri_lankan_textiles/image_0374.png,sri_lanka
sri_lankan_textiles/image_0375.png,sri_lanka
sri_lankan_textiles/image_0376.png,sri_lanka
sri_lankan_textiles/image_0377.png,sri_lanka
sri_lankan_textiles/image_0378.png,sri_lanka
sri_lankan_textiles/image_0379.png,sri_lanka
sri_lankan_textiles/image_0380.png,sri_lanka
sri_lankan_textiles/image_0381.png,sri_lanka
sri_lankan_textiles/image_0382.png,sri_lanka
sri_lankan_textiles/image_0383.png,sri_lanka
sri_lankan_textiles/image_0384.png,sri_lanka
sri_lankan_textiles/image_0385.png,sri_lanka
sri_lankan_textiles/image_0386.png,sri_lanka
sri_lankan_textiles/image_0387.png,sri_lanka
sri_lankan_textiles/image_0388.png,sri_lanka
sri_lankan_textiles/image_0389.png,sri_lanka
sri_lankan_textiles/image_0390.png,sri_lanka
sri_lankan_textiles/image_0391.png,sri_lanka
sri_lankan_textiles/image_0392.png,sri_lanka
sri_lankan_textiles/image_0393.png,sri_lanka
sri_lankan_textiles/image_0394.png,sri_lanka
sri_lankan_textiles/image_0395.png,sri_lanka
sri_lankan_textiles/image_0396.png,sri_lanka
sri_lankan_textiles/image_0397.png,sri_lanka
sri_lankan_textiles/image_0398.png,sri_lanka
sri_lankan_textiles/image_0399.png,sri_lanka
sri_lankan_textiles/image_0400.png,sri_lanka
sri_lankan_textiles/image_0401.png,sri_lanka
sri_lankan_textiles/image_0402.png,sri_lanka
sri_lankan_textiles/image_0403.png,sri_lanka
sri_lankan_textiles/image_0404.png,sri_lanka
sri_lankan_textiles/image_0405.png,sri_lanka
sri_lankan_textiles/image_0406.png,sri_lanka
sri_lankan_textiles/image_0407.png,sri_lanka
sri_lankan_textiles/image_0408.png,sri_lanka
sri_lankan_textiles/image_0409.png,sri_lanka
sri_lankan_textiles/image_0410.png,sri_lanka
sri_lankan_textiles/image_0411.png,sri_lanka
sri_lankan_textiles/image_0412.png,sri_lanka
sri_lankan_textiles/image_0413.png,sri_lanka
sri_lankan_textiles/image_0414.png,sri_lanka
sri_lankan_textiles/image_0415.png,sri_lanka
sri_lankan_textiles/image_0416.png,sri_lanka
sri_lankan_textiles/image_0417.png,sri_lanka
sri_lankan_textiles/image_0418.png,sri_lanka
sri_lankan_textiles/image_0419.png,sri_lanka
sri_lankan_textiles/image_0420.png,sri_lanka
sri_lankan_textiles/image_0421.png,sri_lanka
sri_lankan_textiles/image_0422.png,sri_lanka
sri_lankan_textiles/image_0423.png,sri_lanka
sri_lankan_textiles/image_0424.png,sri_lanka
sri_lankan_textiles/image_0425.png,sri_lanka
sri_lankan_textiles/image_0426.png,sri_lanka
sri_lankan_textiles/image_0427.png,sri_lanka
sri_lankan_textiles/image_0428.png,sri_lanka
sri_lankan_textiles/image_0429.png,sri_lanka
sri_lankan_textiles/image_0430.png,sri_lanka
sri_lankan_textiles/image_0431.png,sri_lanka
sri_lankan_textiles/image_0432.png,sri_lanka
sri_lankan_textiles/image_0433.png,sri_lanka
sri_lankan_textiles/image_0434.png,sri_lanka
sri_lankan_textiles/image_0435.png,sri_lanka
sri_lankan_textiles/image_0436.png,sri_lanka
sri_lankan_textiles/image_0437.png,sri_lanka
sri_lankan_textiles/image_0438.png,sri_lanka
sri_lankan_textiles/image_0439.png,sri_lanka
sri_lankan_textiles/image_0440.png,sri_lanka
sri_lankan_textiles/image_0441.png,sri_lanka
sri_lankan_textiles/image_0442.png,sri_lanka
sri_lankan_textiles/image_0443.png,sri_lanka
sri_lankan_textiles/image_0444.png,sri_lanka
sri_lankan_textiles/image_0445.png,sri_lanka
sri_lankan_textiles/image_0446.png,sri_lanka
sri_lankan_textiles/image_0447.png,sri_lanka
sri_lankan_textiles/image_0448.png,sri_lanka
sri_lankan_textiles/image_0449.png,sri_lanka
sri_lankan_textiles/image_0450.png,sri_lanka
sri_lankan_textiles/image_0451.png,sri_lanka
sri_lankan_textiles/image_0452.png,sri_lanka
sri_lankan_textiles/image_0453.png,sri_lanka
sri_lankan_textiles/image_0454.png,sri_lanka
sri_lankan_textiles/image_0455.png,sri_lanka
sri_lankan_textiles/image_0456.png,sri_lanka
sri_lankan_textiles/image_0457.png,sri_lanka
sri_lankan_textiles/image_0458.png,sri_lanka
sri_lankan_textiles/image_0459.png,sri_lanka
sri_lankan_textiles/image_0460.png,sri_lanka
sri_lankan_textiles/image_0461.png,sri_lanka
sri_lankan_textiles/image_0462.png,sri_lanka
sri_lankan_textiles/image_0463.png,sri_lanka
sri_lankan_textiles/image_0464.png,sri_lanka
sri_lankan_textiles/image_0465.png,sri_lanka
sri_lankan_textiles/image_0466.png,sri_lanka
sri_lankan_textiles/image_0467.png,sri_lanka
sri_lankan_textiles/image_0468.png,sri_lanka
sri_lankan_textiles/image_0469.png,sri_lanka
sri_lankan_textiles/image_0470.png,sri_lanka
sri_lankan_textiles/image_0471.png,sri_lanka
sri_lankan_textiles/image_0472.png,sri_lanka
sri_lankan_textiles/image_0473.png,sri_lanka
sri_lankan_textiles/image_0474.png,sri_lanka
sri_lankan_textiles/image_0475.png,sri_lanka
sri_lankan_textiles/image_0476.png,sri_lanka
sri_lankan_textiles/image_0477.png,sri_lanka
sri_lankan_textiles/image_0478.png,sri_lanka
sri_lankan_textiles/image_0479.png,sri_lanka
sri_lankan_textiles/image_0480.png,sri_lanka
sri_lankan_textiles/image_0481.png,sri_lanka
sri_lankan_textiles/image_0482.png,sri_lanka
sri_lankan_textiles/image_0483.png,sri_lanka
sri_lankan_textiles/image_0484.png,sri_lanka
sri_lankan_textiles/image_0485.png,sri_lanka
sri_lankan_textiles/image_0486.png,sri_lanka
sri_lankan_textiles/image_0487.png,sri_lanka
sri_lankan_textiles/image_0488.png,sri_lanka
sri_lankan_textiles/image_0489.png,sri_lanka
sri_lankan_textiles/image_0490.png,sri_lanka
sri_lankan_textiles/image_0491.png,sri_lanka
sri_lankan_textiles/image_0492.png,sri_lanka
sri_lankan_textiles/image_0493.png,sri_lanka
sri_lankan_textiles/image_0494.png,sri_lanka
sri_lankan_textiles/image_0495.png,sri_lanka
sri_lankan_textiles/image_0496.png,sri_lanka
sri_lankan_textiles/image_0497.png,sri_lanka
sri_lankan_textiles/image_0498.png,sri_lanka
sri_lankan_textiles/image_0499.png,sri_lanka
sri_lankan_textiles/image_0500.png,sri_lanka
sri_lankan_textiles/image_0501.png,sri_lanka
sri_lankan_textiles/image_0502.png,sri_lanka
sri_lankan_textiles/image_0503.png,sri_lanka
sri_lankan_textiles/image_0504.png,sri_lanka
sri_lankan_textiles/image_0505.png,sri_lanka
sri_lankan_textiles/image_0506.png,sri_lanka
sri_lankan_textiles/image_0507.png,sri_lanka
sri_lankan_textiles/image_0508.png,sri_lanka
sri_lankan_textiles/image_0509.png,sri_lanka
sri_lankan_textiles/image_0510.png,sri_lanka
sri_lankan_textiles/image_0511.png,sri_lanka
sri_lankan_textiles/image_0512.png,sri_lanka
sri_lankan_textiles/image_0513.png,sri_lanka
sri_lankan_textiles/image_0514.png,sri_lanka
sri_lankan_textiles/image_0515.png,sri_lanka
sri_lankan_textiles/image_0516.png,sri_lanka
sri_lankan_textiles/image_0517.png,sri_lanka
sri_lankan_textiles/image_0518.png,sri_lanka
sri_lankan_textiles/image_0519.png,sri_lanka
sri_lankan_textiles/image_0520.png,sri_lanka
sri_lankan_textiles/image_0521.png,sri_lanka
sri_lankan_textiles/image_0522.png,sri_lanka
sri_lankan_textiles/image_0523.png,sri_lanka
sri_lankan_textiles/image_0524.png,sri_lanka
sri_lankan_textiles/image_0525.png,sri_lanka
sri_lankan_textiles/image_0526.png,sri_lanka
sri_lankan_textiles/image_0527.png,sri_lanka
sri_lankan_textiles/image_0528.png,sri_lanka
sri_lankan_textiles/image_0529.png,sri_lanka
sri_lankan_textiles/image_0530.png,sri_lanka
sri_lankan_textiles/image_0531.png,sri_lanka
sri_lankan_textiles/image_0532.png,sri_lanka
sri_lankan_textiles/image_0533.png,sri_lanka
sri_lankan_textiles/image_0534.png,sri_lanka
sri_lankan_textiles/image_0535.png,sri_lanka
sri_lankan_textiles/image_0536.png,sri_lanka
sri_lankan_textiles/image_0537.png,sri_lanka
sri_lankan_textiles/image_0538.png,sri_lanka
sri_lankan_textiles/image_0539.png,sri_lanka
sri_lankan_textiles/image_0540.png,sri_lanka
sri_lankan_textiles/image_0541.png,sri_lanka
sri_lankan_textiles/image_0542.png,sri_lanka
sri_lankan_textiles/image_0543.png,sri_lanka
sri_lankan_textiles/image_0544.png,sri_lanka
sri_lankan_textiles/image_0545.png,sri_lanka
sri_lankan_textiles/image_0546.png,sri_lanka
sri_lankan_textiles/image_0547.png,sri_lanka
sri_lankan_textiles/image_0548.png,sri_lanka
sri_lankan_textiles/image_0549.png,sri_lanka
sri_lankan_textiles/image_0550.png,sri_lanka
sri_lankan_textiles/image_0551.png,sri_lanka
sri_lankan_textiles/image_0552.png,sri_lanka
sri_lankan_textiles/image_0553.png,sri_lanka
sri_lankan_textiles/image_0554.png,sri_lanka
sri_lankan_textiles/image_0555.png,sri_lanka
sri_lankan_textiles/image_0556.png,sri_lanka
sri_lankan_textiles/image_0557.png,sri_lanka
sri_lankan_textiles/image_0558.png,sri_lanka
sri_lankan_textiles/image_0559.png,sri_lanka
sri_lankan_textiles/image_0560.png,sri_lanka
sri_lankan_textiles/image_0561.png,sri_lanka
sri_lankan_textiles/image_0562.png,sri_lanka
sri_lankan_textiles/image_0563.png,sri_lanka
sri_lankan_textiles/image_0564.png,sri_lanka
sri_lankan_textiles/image_0565.png,sri_lanka
sri_lankan_textiles/image_0566.png,sri_lanka
sri_lankan_textiles/image_0567.png,sri_lanka
sri_lankan_textiles/image_0568.png,sri_lanka
sri_lankan_textiles/image_0569.png,sri_lanka
sri_lankan_textiles/image_0570.png,sri_lanka
sri_lankan_textiles/image_0571.png,sri_lanka
sri_lankan_textiles/image_0572.png,sri_lanka
sri_lankan_textiles/image_0573.png,sri_lanka
sri_lankan_textiles/image_0574.png,sri_lanka
sri_lankan_textiles/image_0575.png,sri_lanka
sri_lankan_textiles/image_0576.png,sri_lanka
sri_lankan_textiles/image_0577.png,sri_lanka
sri_lankan_textiles/image_0578.png,sri_lanka
sri_lankan_textiles/image_0579.png,sri_lanka
sri_lankan_textiles/image_0580.png,sri_lanka
sri_lankan_textiles/image_0581.png,sri_lanka
sri_lankan_textiles/image_0582.png,sri_lanka
sri_lankan_textiles/image_0583.png,sri_lanka
sri_lankan_textiles/image_0584.png,sri_lanka
sri_lankan_textiles/image_0585.png,sri_lanka
sri_lankan_textiles/image_0586.png,sri_lanka
sri_lankan_textiles/image_0587.png,sri_lanka
sri_lankan_textiles/image_0588.png,sri_lanka
sri_lankan_textiles/image_0589.png,sri_lanka
sri_lankan_textiles/image_0590.png,sri_lanka
sri_lankan_textiles/image_0591.png,sri_lanka
sri_lankan_textiles/image_0592.png,sri_lanka
sri_lankan_textiles/image_0593.png,sri_lanka
sri_lankan_textiles/image_0594.png,sri_lanka
sri_lankan_textiles/image_0595.png,sri_lanka
sri_lankan_textiles/image_0596.png,sri_lanka
sri_lankan_textiles/image_0597.png,sri_lanka
sri_lankan_textiles/image_0598.png,sri_lanka
sri_lankan_textiles/image_0599.png,sri_lanka
sri_lankan_textiles/image_0600.png,sri_lanka
sri_lankan_textiles/image_0601.png,sri_lanka
sri_lankan_textiles/image_0602.png,sri_lanka
sri_lankan_textiles/image_0603.png,sri_lanka
sri_lankan_textiles/image_0604.png,sri_lanka
sri_lankan_textiles/image_0605.png,sri_lanka
sri_lankan_textiles/image_0606.png,sri_lanka
sri_lankan_textiles/image_0607.png,sri_lanka
sri_lankan_textiles/image_0608.png,sri_lanka
sri_lankan_textiles/image_0609.png,sri_lanka
sri_lankan_textiles/image_0610.png,sri_lanka
sri_lankan_textiles/image_0611.png,sri_lanka
sri_lankan_textiles/image_0612.png,sri_lanka
sri_lankan_textiles/image_0613.png,sri_lanka
sri_lankan_textiles/image_0614.png,sri_lanka
sri_lankan_textiles/image_0615.png,sri_lanka
sri_lankan_textiles/image_0616.png,sri_lanka
sri_lankan_textiles/image_0617.png,sri_lanka
sri_lankan_textiles/image_0618.png,sri_lanka
sri_lankan_textiles/image_0619.png,sri_lanka
sri_lankan_textiles/image_0620.png,sri_lanka
sri_lankan_textiles/image_0621.png,sri_lanka
sri_lankan_textiles/image_0622.png,sri_lanka
sri_lankan_textiles/image_0623.png,sri_lanka
sri_lankan_textiles/image_0624.png,sri_lanka
sri_lankan_textiles/image_0625.png,sri_lanka
sri_lankan_textiles/image_0626.png,sri_lanka
sri_lankan_textiles/image_0627.png,sri_lanka
sri_lankan_textiles/image_0628.png,sri_lanka
sri_lankan_textiles/image_0629.png,sri_lanka
sri_lankan_textiles/image_0630.png,sri_lanka
sri_lankan_textiles/image_0631.png,sri_lanka
sri_lankan_textiles/image_0632.png,sri_lanka
sri_lankan_textiles/image_0633.png,sri_lanka
sri_lankan_textiles/image_0634.png,sri_lanka
sri_lankan_textiles/image_0635.png,sri_lanka
sri_lankan_textiles/image_0636.png,sri_lanka
sri_lankan_textiles/image_0637.png,sri_lanka
sri_lankan_textiles/image_0638.png,sri_lanka
sri_lankan_textiles/image_0639.png,sri_lanka
sri_lankan_textiles/image_0640.png,sri_lanka
sri_lankan_textiles/image_0641.png,sri_lanka
sri_lankan_textiles/image_0642.png,sri_lanka
sri_lankan_textiles/image_0643.png,sri_lanka
sri_lankan_textiles/image_0644.png,sri_lanka
sri_lankan_textiles/image_0645.png,sri_lanka
sri_lankan_textiles/image_0646.png,sri_lanka
sri_lankan_textiles/image_0647.png,sri_lanka
sri_lankan_textiles/image_0648.png,sri_lanka
sri_lankan_textiles/image_0649.png,sri_lanka
sri_lankan_textiles/image_0650.png,sri_lanka
sri_lankan_textiles/image_0651.png,sri_lanka
sri_lankan_textiles/image_0652.png,sri_lanka
sri_lankan_textiles/image_0653.png,sri_lanka
sri_lankan_textiles/image_0654.png,sri_lanka
sri_lankan_textiles/image_0655.png,sri_lanka
sri_lankan_textiles/image_0656.png,sri_lanka
sri_lankan_textiles/image_0657.png,sri_lanka
sri_lankan_textiles/image_0658.png,sri_lanka
sri_lankan_textiles/image_0659.png,sri_lanka
sri_lankan_textiles/image_0660.png,sri_lanka
sri_lankan_textiles/image_0661.png,sri_lanka
sri_lankan_textiles/image_0662.png,sri_lanka
sri_lankan_textiles/image_0663.png,sri_lanka
sri_lankan_textiles/image_0664.png,sri_lanka
sri_lankan_textiles/image_0665.png,sri_lanka
sri_lankan_textiles/image_0666.png,sri_lanka
sri_lankan_textiles/image_0667.png,sri_lanka
sri_lankan_textiles/image_0668.png,sri_lanka
sri_lankan_textiles/image_0669.png,sri_lanka
sri_lankan_textiles/image_0670.png,sri_lanka
sri_lankan_textiles/image_0671.png,sri_lanka
sri_lankan_textiles/image_0672.png,sri_lanka
sri_lankan_textiles/image_0673.png,sri_lanka
sri_lankan_textiles/image_0674.png,sri_lanka
sri_lankan_textiles/image_0675.png,sri_lanka
sri_lankan_textiles/image_0676.png,sri_lanka
sri_lankan_textiles/image_0677.png,sri_lanka
sri_lankan_textiles/image_0678.png,sri_lanka
sri_lankan_textiles/image_0679.png,sri_lanka
sri_lankan_textiles/image_0680.png,sri_lanka
sri_lankan_textiles/image_0681.png,sri_lanka
sri_lankan_textiles/image_0682.png,sri_lanka
sri_lankan_textiles/image_0683.png,sri_lanka
sri_lankan_textiles/image_0684.png,sri_lanka
sri_lankan_textiles/image_0685.png,sri_lanka
sri_lankan_textiles/image_0686.png,sri_lanka
sri_lankan_textiles/image_0687.png,sri_lanka
sri_lankan_textiles/image_0688.png,sri_lanka
sri_lankan_textiles/image_0689.png,sri_lanka
sri_lankan_textiles/image_0690.png,sri_lanka
sri_lankan_textiles/image_0691.png,sri_lanka
sri_lankan_textiles/image_0692.png,sri_lanka
sri_lankan_textiles/image_0693.png,sri_lanka
sri_lankan_textiles/image_0694.png,sri_lanka
sri_lankan_textiles/image_0695.png,sri_lanka
sri_lankan_textiles/image_0696.png,sri_lanka
sri_lankan_textiles/image_0697.png,sri_lanka
sri_lankan_textiles/image_0698.png,sri_lanka
sri_lankan_textiles/image_0699.png,sri_lanka
sri_lankan_textiles/image_0700.png,sri_lanka
sri_lankan_textiles/image_0701.png,sri_lanka
sri_lankan_textiles/image_0702.png,sri_lanka
sri_lankan_textiles/image_0703.png,sri_lanka
sri_lankan_textiles/image_0704.png,sri_lanka
sri_lankan_textiles/image_0705.png,sri_lanka
sri_lankan_textiles/image_0706.png,sri_lanka
sri_lankan_textiles/image_0707.png,sri_lanka
sri_lankan_textiles/image_0708.png,sri_lanka
sri_lankan_textiles/image_0709.png,sri_lanka
sri_lankan_textiles/image_0710.png,sri_lanka
sri_lankan_textiles/image_0711.png,sri_lanka
sri_lankan_textiles/image_0712.png,sri_lanka
sri_lankan_textiles/image_0713.png,sri_lanka
sri_lankan_textiles/image_0714.png,sri_lanka
sri_lankan_textiles/image_0715.png,sri_lanka
sri_lankan_textiles/image_0716.png,sri_lanka
sri_lankan_textiles/image_0717.png,sri_lanka
sri_lankan_textiles/image_0718.png,sri_lanka
sri_lankan_textiles/image_0719.png,sri_lanka
sri_lankan_textiles/image_0720.png,sri_lanka
sri_lankan_textiles/image_0721.png,sri_lanka
sri_lankan_textiles/image_0722.png,sri_lanka
sri_lankan_textiles/image_0723.png,sri_lanka
sri_lankan_textiles/image_0724.png,sri_lanka
sri_lankan_textiles/image_0725.png,sri_lanka
sri_lankan_textiles/image_0726.png,sri_lanka
sri_lankan_textiles/image_0727.png,sri_lanka
sri_lankan_textiles/image_0728.png,sri_lanka
sri_lankan_textiles/image_0729.png,sri_lanka
sri_lankan_textiles/image_0730.png,sri_lanka
sri_lankan_textiles/image_0731.png,sri_lanka
sri_lankan_textiles/image_0732.png,sri_lanka
sri_lankan_textiles/image_0733.png,sri_lanka
sri_lankan_textiles/image_0734.png,sri_lanka
sri_lankan_textiles/image_0735.png,sri_lanka
sri_lankan_textiles/image_0736.png,sri_lanka
sri_lankan_textiles/image_0737.png,sri_lanka
sri_lankan_textiles/image_0738.png,sri_lanka
sri_lankan_textiles/image_0739.png,sri_lanka
sri_lankan_textiles/image_0740.png,sri_lanka
sri_lankan_textiles/image_0741.png,sri_lanka
sri_lankan_textiles/image_0742.png,sri_lanka
sri_lankan_textiles/image_0743.png,sri_lanka
sri_lankan_textiles/image_0744.png,sri_lanka
sri_lankan_textiles/image_0745.png,sri_lanka
sri_lankan_textiles/image_0746.png,sri_lanka
sri_lankan_textiles/image_0747.png,sri_lanka
sri_lankan_textiles/image_0748.png,sri_lanka
sri_lankan_textiles/image_0749.png,sri_lanka
sri_lankan_textiles/image_0750.png,sri_lanka
sri_lankan_textiles/image_0751.png,sri_lanka
sri_lankan_textiles/image_0752.png,sri_lanka
sri_lankan_textiles/image_0753.png,sri_lanka
sri_lankan_textiles/image_0754.png,sri_lanka
sri_lankan_textiles/image_0755.png,sri_lanka
sri_lankan_textiles/image_0756.png,sri_lanka
sri_lankan_textiles/image_0757.png,sri_lanka
sri_lankan_textiles/image_0758.png,sri_lanka
sri_lankan_textiles/image_0759.png,sri_lanka
sri_lankan_textiles/image_0760.png,sri_lanka
sri_lankan_textiles/image_0761.png,sri_lanka
sri_lankan_textiles/image_0762.png,sri_lanka
sri_lankan_textiles/image_0763.png,sri_lanka
sri_lankan_textiles/image_0764.png,sri_lanka
sri_lankan_textiles/image_0765.png,sri_lanka
sri_lankan_textiles/image_0766.png,sri_lanka
sri_lankan_textiles/image_0767.png,sri_lanka
sri_lankan_textiles/image_0768.png,sri_lanka
sri_lankan_textiles/image_0769.png,sri_lanka
sri_lankan_textiles/image_0770.png,sri_lanka
sri_lankan_textiles/image_0771.png,sri_lanka
sri_lankan_textiles/image_0772.png,sri_lanka
sri_lankan_textiles/image_0773.png,sri_lanka
sri_lankan_textiles/image_0774.png,sri_lanka
sri_lankan_textiles/image_0775.png,sri_lanka
sri_lankan_textiles/image_0776.png,sri_lanka
sri_lankan_textiles/image_0777.png,sri_lanka
sri_lankan_textiles/image_0778.png,sri_lanka
sri_lankan_textiles/image_0779.png,sri_lanka
sri_lankan_textiles/image_0780.png,sri_lanka
sri_lankan_textiles/image_0781.png,sri_lanka
sri_lankan_textiles/image_0782.png,sri_lanka
sri_lankan_textiles/image_0783.png,sri_lanka
sri_lankan_textiles/image_0784.png,sri_lanka
sri_lankan_textiles/image_0785.png,sri_lanka
sri_lankan_textiles/image_0786.png,sri_lanka
sri_lankan_textiles/image_0787.png,sri_lanka
sri_lankan_textiles/image_0788.png,sri_lanka
sri_lankan_textiles/image_0789.png,sri_lanka
sri_lankan_textiles/image_0790.png,sri_lanka
sri_lankan_textiles/image_0791.png,sri_lanka
sri_lankan_textiles/image_0792.png,sri_lanka
sri_lankan_textiles/image_0793.png,sri_lanka
sri_lankan_textiles/image_0794.png,sri_lanka
sri_lankan_textiles/image_0795.png,sri_lanka
sri_lankan_textiles/image_0796.png,sri_lanka
sri_lankan_textiles/image_0797.png,sri_lanka
sri_lankan_textiles/image_0798.png,sri_lanka
sri_lankan_textiles/image_0799.png,sri_lanka
sri_lankan_textiles/image_0800.png,sri_lanka
sri_lankan_textiles/image_0801.png,sri_lanka
sri_lankan_textiles/image_0802.png,sri_lanka
sri_lankan_textiles/image_0803.png,sri_lanka
sri_lankan_textiles/image_0804.png,sri_lanka
sri_lankan_textiles/image_0805.png,sri_lanka
sri_lankan_textiles/image_0806.png,sri_lanka
sri_lankan_textiles/image_0807.png,sri_lanka
sri_lankan_textiles/image_0808.png,sri_lanka
sri_lankan_textiles/image_0809.png,sri_lanka
sri_lankan_textiles/image_0810.png,sri_lanka
sri_lankan_textiles/image_0811.png,sri_lanka
sri_lankan_textiles/image_0812.png,sri_lanka
sri_lankan_textiles/image_0813.png,sri_lanka
sri_lankan_textiles/image_0814.png,sri_lanka
sri_lankan_textiles/image_0815.png,sri_lanka
sri_lankan_textiles/image_0816.png,sri_lanka
sri_lankan_textiles/image_0817.png,sri_lanka
sri_lankan_textiles/image_0818.png,sri_lanka
sri_lankan_textiles/image_0819.png,sri_lanka
sri_lankan_textiles/image_0820.png,sri_lanka
sri_lankan_textiles/image_0821.png,sri_lanka
sri_lankan_textiles/image_0822.png,sri_lanka
sri_lankan_textiles/image_0823.png,sri_lanka
sri_lankan_textiles/image_0824.png,sri_lanka
sri_lankan_textiles/image_0825.png,sri_lanka
sri_lankan_textiles/image_0826.png,sri_lanka
sri_lankan_textiles/image_0827.png,sri_lanka
sri_lankan_textiles/image_0828.png,sri_lanka
sri_lankan_textiles/image_0829.png,sri_lanka
sri_lankan_textiles/image_0830.png,sri_lanka
sri_lankan_textiles/image_0831.png,sri_lanka
sri_lankan_textiles/image_0832.png,sri_lanka
sri_lankan_textiles/image_0833.png,sri_lanka
sri_lankan_textiles/image_0834.png,sri_lanka
sri_lankan_textiles/image_0835.png,sri_lanka
sri_lankan_textiles/image_0836.png,sri_lanka
sri_lankan_textiles/image_0837.png,sri_lanka
sri_lankan_textiles/image_0838.png,sri_lanka
sri_lankan_textiles/image_0839.png,sri_lanka
sri_lankan_textiles/image_0840.png,sri_lanka
sri_lankan_textiles/image_0841.png,sri_lanka
sri_lankan_textiles/image_0842.png,sri_lanka
sri_lankan_textiles/image_0843.png,sri_lanka
sri_lankan_textiles/image_0844.png,sri_lanka
sri_lankan_textiles/image_0845.png,sri_lanka
sri_lankan_textiles/image_0846.png,sri_lanka
sri_lankan_textiles/image_0847.png,sri_lanka
sri_lankan_textiles/image_0848.png,sri_lanka
sri_lankan_textiles/image_0849.png,sri_lanka
sri_lankan_textiles/image_0850.png,sri_lanka
sri_lankan_textiles/image_0851.png,sri_lanka
sri_lankan_textiles/image_0852.png,sri_lanka
sri_lankan_textiles/image_0853.png,sri_lanka
sri_lankan_textiles/image_0854.png,sri_lanka
sri_lankan_textiles/image_0855.png,sri_lanka
sri_lankan_textiles/image_0856.png,sri_lanka
sri_lankan_textiles/image_0857.png,sri_lanka
sri_lankan_textiles/image_0858.png,sri_lanka
sri_lankan_textiles/image_0859.png,sri_lanka
sri_lankan_textiles/image_0860.png,sri_lanka
sri_lankan_textiles/image_0861.png,sri_lanka
sri_lankan_textiles/image_0862.png,sri_lanka
sri_lankan_textiles/image_0863.png,sri_lanka
sri_lankan_textiles/image_0864.png,sri_lanka
sri_lankan_textiles/image_0865.png,sri_lanka
sri_lankan_textiles/image_0866.png,sri_lanka
sri_lankan_textiles/image_0867.png,sri_lanka
sri_lankan_textiles/image_0868.png,sri_lanka
sri_lankan_textiles/image_0869.png,sri_lanka
sri_lankan_textiles/image_0870.png,sri_lanka
sri_lankan_textiles/image_0871.png,sri_lanka
sri_lankan_textiles/image_0872.png,sri_lanka
sri_lankan_textiles/image_0873.png,sri_lanka
sri_lankan_textiles/image_0874.png,sri_lanka
sri_lankan_textiles/image_0875.png,sri_lanka
sri_lankan_textiles/image_0876.png,sri_lanka
sri_lankan_textiles/image_0877.png,sri_lanka
sri_lankan_textiles/image_0878.png,sri_lanka
sri_lankan_textiles/image_0879.png,sri_lanka
sri_lankan_textiles/image_0880.png,sri_lanka
sri_lankan_textiles/image_0881.png,sri_lanka
sri_lankan_textiles/image_0882.png,sri_lanka
sri_lankan_textiles/image_0883.png,sri_lanka
sri_lankan_textiles/image_0884.png,sri_lanka
sri_lankan_textiles/image_0885.png,sri_lanka
sri_lankan_textiles/image_0886.png,sri_lanka
sri_lankan_textiles/image_0887.png,sri_lanka
sri_lankan_textiles/image_0888.png,sri_lanka
sri_lankan_textiles/image_0889.png,sri_lanka
sri_lankan_textiles/image_0890.png,sri_lanka
sri_lankan_textiles/image_0891.png,sri_lanka
sri_lankan_textiles/image_0892.png,sri_lanka
sri_lankan_textiles/image_0893.png,sri_lanka
sri_lankan_textiles/image_0894.png,sri_lanka
sri_lankan_textiles/image_0895.png,sri_lanka
sri_lankan_textiles/image_0896.png,sri_lanka
sri_lankan_textiles/image_0897.png,sri_lanka
sri_lankan_textiles/image_0898.png,sri_lanka
sri_lankan_textiles/image_0899.png,sri_lanka
sri_lankan_textiles/image_0900.png,sri_lanka
sri_lankan_textiles/image_0901.png,sri_lanka
sri_lankan_textiles/image_0902.png,sri_lanka
sri_lankan_textiles/image_0903.png,sri_lanka
sri_lankan_textiles/image_0904.png,sri_lanka
sri_lankan_textiles/image_0905.png,sri_lanka
sri_lankan_textiles/image_0906.png,sri_lanka
sri_lankan_textiles/image_0907.png,sri_lanka
sri_lankan_textiles/image_0908.png,sri_lanka
sri_lankan_textiles/image_0909.png,sri_lanka
sri_lankan_textiles/image_0910.png,sri_lanka
sri_lankan_textiles/image_0911.png,sri_lanka
sri_lankan_textiles/image_0912.png,sri_lanka
sri_lankan_textiles/image_0913.png,sri_lanka
sri_lankan_textiles/image_0914.png,sri_lanka
sri_lankan_textiles/image_0915.png,sri_lanka
sri_lankan_textiles/image_0916.png,sri_lanka
sri_lankan_textiles/image_0917.png,sri_lanka
sri_lankan_textiles/image_0918.png,sri_lanka
sri_lankan_textiles/image_0919.png,sri_lanka
sri_lankan_textiles/image_0920.png,sri_lanka
sri_lankan_textiles/image_0921.png,sri_lanka
sri_lankan_textiles/image_0922.png,sri_lanka
sri_lankan_textiles/image_0923.png,sri_lanka
sri_lankan_textiles/image_0924.png,sri_lanka
sri_lankan_textiles/image_0925.png,sri_lanka
sri_lankan_textiles/image_0926.png,sri_lanka
sri_lankan_textiles/image_0927.png,sri_lanka
sri_lankan_textiles/image_0928.png,sri_lanka
sri_lankan_textiles/image_0929.png,sri_lanka
sri_lankan_textiles/image_0930.png,sri_lanka
sri_lankan_textiles/image_0931.png,sri_lanka
sri_lankan_textiles/image_0932.png,sri_lanka
sri_lankan_textiles/image_0933.png,sri_lanka
sri_lankan_textiles/image_0934.png,sri_lanka
sri_lankan_textiles/image_0935.png,sri_lanka
sri_lankan_textiles/image_0936.png,sri_lanka
sri_lankan_textiles/image_0937.png,sri_lanka
sri_lankan_textiles/image_0938.png,sri_lanka
sri_lankan_textiles/image_0939.png,sri_lanka
sri_lankan_textiles/image_0940.png,sri_lanka
sri_lankan_textiles/image_0941.png,sri_lanka
sri_lankan_textiles/image_0942.png,sri_lanka
sri_lankan_textiles/image_0943.png,sri_lanka
sri_lankan_textiles/image_0944.png,sri_lanka
sri_lankan_textiles/image_0945.png,sri_lanka
sri_lankan_textiles/image_0946.png,sri_lanka
sri_lankan_textiles/image_0947.png,sri_lanka
sri_lankan_textiles/image_0948.png,sri_lanka
sri_lankan_textiles/image_0949.png,sri_lanka
sri_lankan_textiles/image_0950.png,sri_lanka
sri_lankan_textiles/image_0951.png,sri_lanka
sri_lankan_textiles/image_0952.png,sri_lanka
sri_lankan_textiles/image_0953.png,sri_lanka
sri_lankan_textiles/image_0954.png,sri_lanka
sri_lankan_textiles/image_0955.png,sri_lanka
sri_lankan_textiles/image_0956.png,sri_lanka
sri_lankan_textiles/image_0957.png,sri_lanka
sri_lankan_textiles/image_0958.png,sri_lanka
sri_lankan_textiles/image_0959.png,sri_lanka
sri_lankan_textiles/image_0960.png,sri_lanka
sri_lankan_textiles/image_0961.png,sri_lanka
sri_lankan_textiles/image_0962.png,sri_lanka
sri_lankan_textiles/image_0963.png,sri_lanka
sri_lankan_textiles/image_0964.png,sri_lanka
sri_lankan_textiles/image_0965.png,sri_lanka
sri_lankan_textiles/image_0966.png,sri_lanka
sri_lankan_textiles/image_0967.png,sri_lanka
sri_lankan_textiles/image_0968.png,sri_lanka
sri_lankan_textiles/image_0969.png,sri_lanka
sri_lankan_textiles/image_0970.png,sri_lanka
sri_lankan_textiles/image_0971.png,sri_lanka
sri_lankan_textiles/image_0972.png,sri_lanka
sri_lankan_textiles/image_0973.png,sri_lanka
sri_lankan_textiles/image_0974.png,sri_lanka
sri_lankan_textiles/image_0975.png,sri_lanka
sri_lankan_textiles/image_0976.png,sri_lanka
sri_lankan_textiles/image_0977.png,sri_lanka
sri_lankan_textiles/image_0978.png,sri_lanka
sri_lankan_textiles/image_0979.png,sri_lanka
sri_lankan_textiles/image_0980.png,sri_lanka
sri_lankan_textiles/image_0981.png,sri_lanka
sri_lankan_textiles/image_0982.png,sri_lanka
sri_lankan_textiles/image_0983.png,sri_lanka
sri_lankan_textiles/image_0984.png,sri_lanka
sri_lankan_textiles/image_0985.png,sri_lanka
sri_lankan_textiles/image_0986.png,sri_lanka
sri_lankan_textiles/image_0987.png,sri_lanka
sri_lankan_textiles/image_0988.png,sri_lanka
sri_lankan_textiles/image_0989.png,sri_lanka
sri_lankan_textiles/image_0990.png,sri_lanka
sri_lankan_textiles/image_0991.png,sri_lanka
sri_lankan_textiles/image_0992.png,sri_lanka
sri_lankan_textiles/image_0993.png,sri_lanka
sri_lankan_textiles/image_0994.png,sri_lanka
sri_lankan_textiles/image_0995.png,sri_lanka
sri_lankan_textiles/image_0996.png,sri_lanka
sri_lankan_textiles/image_0997.png,sri_lanka
sri_lankan_textiles/image_0998.png,sri_lanka
sri_lankan_textiles/image_0999.png,sri_lanka
